        f (GHz),                 E_elec (J),                  E_mag (J),                  E_cap (J),                  E_ind (J)
 1.00000000e+01,        +1.661188818011e-14,        +4.258447447923e-12,        +0.000000000000e+00,        +0.000000000000e+00
 1.09500000e+01,        +1.967448603629e-14,        +4.234780447390e-12,        +0.000000000000e+00,        +0.000000000000e+00
 1.19000000e+01,        +2.295502218805e-14,        +4.210522372428e-12,        +0.000000000000e+00,        +0.000000000000e+00
 1.28500000e+01,        +2.644619864299e-14,        +4.185733831551e-12,        +0.000000000000e+00,        +0.000000000000e+00
 1.38000000e+01,        +3.014126892061e-14,        +4.160464564894e-12,        +0.000000000000e+00,        +0.000000000000e+00
 1.47500000e+01,        +3.403388813256e-14,        +4.134753386847e-12,        +0.000000000000e+00,        +0.000000000000e+00
 1.57000000e+01,        +3.811798156744e-14,        +4.108629636574e-12,        +0.000000000000e+00,        +0.000000000000e+00
 1.66500000e+01,        +4.238763685596e-14,        +4.082115139346e-12,        +0.000000000000e+00,        +0.000000000000e+00
 1.76000000e+01,        +4.683702037940e-14,        +4.055226176998e-12,        +0.000000000000e+00,        +0.000000000000e+00
 1.85500000e+01,        +5.146031606114e-14,        +4.027975236645e-12,        +0.000000000000e+00,        +0.000000000000e+00
 1.95000000e+01,        +5.625168348018e-14,        +4.000372453408e-12,        +0.000000000000e+00,        +0.000000000000e+00
 2.04500000e+01,        +6.120523188018e-14,        +3.972426738953e-12,        +0.000000000000e+00,        +0.000000000000e+00
 2.14000000e+01,        +6.631500676943e-14,        +3.944146624432e-12,        +0.000000000000e+00,        +0.000000000000e+00
 2.23500000e+01,        +7.157498615574e-14,        +3.915540860223e-12,        +0.000000000000e+00,        +0.000000000000e+00
 2.33000000e+01,        +7.697908391935e-14,        +3.886618818274e-12,        +0.000000000000e+00,        +0.000000000000e+00
 2.42500000e+01,        +8.252115827681e-14,        +3.857390739449e-12,        +0.000000000000e+00,        +0.000000000000e+00
 2.52000000e+01,        +8.819502370097e-14,        +3.827867862489e-12,        +0.000000000000e+00,        +0.000000000000e+00
 2.61500000e+01,        +9.399446502987e-14,        +3.798062465497e-12,        +0.000000000000e+00,        +0.000000000000e+00
 2.71000000e+01,        +9.991325278764e-14,        +3.767987844417e-12,        +0.000000000000e+00,        +0.000000000000e+00
 2.80500000e+01,        +1.059451589911e-13,        +3.737658248143e-12,        +0.000000000000e+00,        +0.000000000000e+00
 2.90000000e+01,        +1.120839728977e-13,        +3.707088785006e-12,        +0.000000000000e+00,        +0.000000000000e+00
 2.99500000e+01,        +1.183235163139e-13,        +3.676295312215e-12,        +0.000000000000e+00,        +0.000000000000e+00
 3.09000000e+01,        +1.246576581912e-13,        +3.645294316646e-12,        +0.000000000000e+00,        +0.000000000000e+00
 3.18500000e+01,        +1.310803283243e-13,        +3.614102792959e-12,        +0.000000000000e+00,        +0.000000000000e+00
 3.28000000e+01,        +1.375855300472e-13,        +3.582738123719e-12,        +0.000000000000e+00,        +0.000000000000e+00
 3.37500000e+01,        +1.441673518547e-13,        +3.551217964210e-12,        +0.000000000000e+00,        +0.000000000000e+00
 3.47000000e+01,        +1.508199779344e-13,        +3.519560134229e-12,        +0.000000000000e+00,        +0.000000000000e+00
 3.56500000e+01,        +1.575376976041e-13,        +3.487782517818e-12,        +0.000000000000e+00,        +0.000000000000e+00
 3.66000000e+01,        +1.643149136867e-13,        +3.455902971792e-12,        +0.000000000000e+00,        +0.000000000000e+00
 3.75500000e+01,        +1.711461498497e-13,        +3.423939243081e-12,        +0.000000000000e+00,        +0.000000000000e+00
 3.85000000e+01,        +1.780260569681e-13,        +3.391908895058e-12,        +0.000000000000e+00,        +0.000000000000e+00
 3.94500000e+01,        +1.849494185512e-13,        +3.359829242335e-12,        +0.000000000000e+00,        +0.000000000000e+00
 4.04000000e+01,        +1.919111553025e-13,        +3.327717293876e-12,        +0.000000000000e+00,        +0.000000000000e+00
 4.13500000e+01,        +1.989063288585e-13,        +3.295589703686e-12,        +0.000000000000e+00,        +0.000000000000e+00
 4.23000000e+01,        +2.059301447792e-13,        +3.263462728813e-12,        +0.000000000000e+00,        +0.000000000000e+00
 4.32500000e+01,        +2.129779548296e-13,        +3.231352193791e-12,        +0.000000000000e+00,        +0.000000000000e+00
 4.42000000e+01,        +2.200452586250e-13,        +3.199273461237e-12,        +0.000000000000e+00,        +0.000000000000e+00
 4.51500000e+01,        +2.271277046877e-13,        +3.167241407941e-12,        +0.000000000000e+00,        +0.000000000000e+00
 4.61000000e+01,        +2.342210909600e-13,        +3.135270405849e-12,        +0.000000000000e+00,        +0.000000000000e+00
 4.70500000e+01,        +2.413213648342e-13,        +3.103374307596e-12,        +0.000000000000e+00,        +0.000000000000e+00
 4.80000000e+01,        +2.484246227358e-13,        +3.071566435985e-12,        +0.000000000000e+00,        +0.000000000000e+00
 4.89500000e+01,        +2.555271093089e-13,        +3.039859577062e-12,        +0.000000000000e+00,        +0.000000000000e+00
 4.99000000e+01,        +2.626252162379e-13,        +3.008265976292e-12,        +0.000000000000e+00,        +0.000000000000e+00
 5.08500000e+01,        +2.697154807530e-13,        +2.976797337594e-12,        +0.000000000000e+00,        +0.000000000000e+00
 5.18000000e+01,        +2.767945838446e-13,        +2.945464824785e-12,        +0.000000000000e+00,        +0.000000000000e+00
 5.27500000e+01,        +2.838593482232e-13,        +2.914279065149e-12,        +0.000000000000e+00,        +0.000000000000e+00
 5.37000000e+01,        +2.909067360576e-13,        +2.883250154912e-12,        +0.000000000000e+00,        +0.000000000000e+00
 5.46500000e+01,        +2.979338465135e-13,        +2.852387666272e-12,        +0.000000000000e+00,        +0.000000000000e+00
 5.56000000e+01,        +3.049379131227e-13,        +2.821700655840e-12,        +0.000000000000e+00,        +0.000000000000e+00
 5.65500000e+01,        +3.119163010055e-13,        +2.791197674256e-12,        +0.000000000000e+00,        +0.000000000000e+00
 5.75000000e+01,        +3.188665039647e-13,        +2.760886776754e-12,        +0.000000000000e+00,        +0.000000000000e+00
 5.84500000e+01,        +3.257861414804e-13,        +2.730775534620e-12,        +0.000000000000e+00,        +0.000000000000e+00
 5.94000000e+01,        +3.326729556098e-13,        +2.700871047244e-12,        +0.000000000000e+00,        +0.000000000000e+00
 6.03500000e+01,        +3.395248078263e-13,        +2.671179954813e-12,        +0.000000000000e+00,        +0.000000000000e+00
 6.13000000e+01,        +3.463396757906e-13,        +2.641708451303e-12,        +0.000000000000e+00,        +0.000000000000e+00
 6.22500000e+01,        +3.531156500998e-13,        +2.612462297959e-12,        +0.000000000000e+00,        +0.000000000000e+00
 6.32000000e+01,        +3.598509309900e-13,        +2.583446836852e-12,        +0.000000000000e+00,        +0.000000000000e+00
 6.41500000e+01,        +3.665438250361e-13,        +2.554667004692e-12,        +0.000000000000e+00,        +0.000000000000e+00
 6.51000000e+01,        +3.731927418412e-13,        +2.526127346674e-12,        +0.000000000000e+00,        +0.000000000000e+00
 6.60500000e+01,        +3.797961907311e-13,        +2.497832030356e-12,        +0.000000000000e+00,        +0.000000000000e+00
 6.70000000e+01,        +3.863527774641e-13,        +2.469784859495e-12,        +0.000000000000e+00,        +0.000000000000e+00
 6.79500000e+01,        +3.928612009574e-13,        +2.441989287790e-12,        +0.000000000000e+00,        +0.000000000000e+00
 6.89000000e+01,        +3.993202500484e-13,        +2.414448432510e-12,        +0.000000000000e+00,        +0.000000000000e+00
 6.98500000e+01,        +4.057288002866e-13,        +2.387165087952e-12,        +0.000000000000e+00,        +0.000000000000e+00
 7.08000000e+01,        +4.120858107664e-13,        +2.360141738693e-12,        +0.000000000000e+00,        +0.000000000000e+00
 7.17500000e+01,        +4.183903210059e-13,        +2.333380572631e-12,        +0.000000000000e+00,        +0.000000000000e+00
 7.27000000e+01,        +4.246414478791e-13,        +2.306883493785e-12,        +0.000000000000e+00,        +0.000000000000e+00
 7.36500000e+01,        +4.308383825950e-13,        +2.280652134805e-12,        +0.000000000000e+00,        +0.000000000000e+00
 7.46000000e+01,        +4.369803877403e-13,        +2.254687869222e-12,        +0.000000000000e+00,        +0.000000000000e+00
 7.55500000e+01,        +4.430667943844e-13,        +2.228991823422e-12,        +0.000000000000e+00,        +0.000000000000e+00
 7.65000000e+01,        +4.490969992366e-13,        +2.203564888256e-12,        +0.000000000000e+00,        +0.000000000000e+00
 7.74500000e+01,        +4.550704618814e-13,        +2.178407730402e-12,        +0.000000000000e+00,        +0.000000000000e+00
 7.84000000e+01,        +4.609867020721e-13,        +2.153520803370e-12,        +0.000000000000e+00,        +0.000000000000e+00
 7.93500000e+01,        +4.668452970969e-13,        +2.128904358202e-12,        +0.000000000000e+00,        +0.000000000000e+00
 8.03000000e+01,        +4.726458792125e-13,        +2.104558453831e-12,        +0.000000000000e+00,        +0.000000000000e+00
 8.12500000e+01,        +4.783881331469e-13,        +2.080482967125e-12,        +0.000000000000e+00,        +0.000000000000e+00
 8.22000000e+01,        +4.840717936776e-13,        +2.056677602609e-12,        +0.000000000000e+00,        +0.000000000000e+00
 8.31500000e+01,        +4.896966432726e-13,        +2.033141901831e-12,        +0.000000000000e+00,        +0.000000000000e+00
 8.41000000e+01,        +4.952625098126e-13,        +2.009875252452e-12,        +0.000000000000e+00,        +0.000000000000e+00
 8.50500000e+01,        +5.007692643742e-13,        +1.986876896970e-12,        +0.000000000000e+00,        +0.000000000000e+00
 8.60000000e+01,        +5.062168190926e-13,        +1.964145941163e-12,        +0.000000000000e+00,        +0.000000000000e+00
 8.69500000e+01,        +5.116051250851e-13,        +1.941681362184e-12,        +0.000000000000e+00,        +0.000000000000e+00
 8.79000000e+01,        +5.169341704535e-13,        +1.919482016389e-12,        +0.000000000000e+00,        +0.000000000000e+00
 8.88500000e+01,        +5.222039783474e-13,        +1.897546646824e-12,        +0.000000000000e+00,        +0.000000000000e+00
 8.98000000e+01,        +5.274146051010e-13,        +1.875873890452e-12,        +0.000000000000e+00,        +0.000000000000e+00
 9.07500000e+01,        +5.325661384315e-13,        +1.854462285056e-12,        +0.000000000000e+00,        +0.000000000000e+00
 9.17000000e+01,        +5.376586957073e-13,        +1.833310275890e-12,        +0.000000000000e+00,        +0.000000000000e+00
 9.26500000e+01,        +5.426924222780e-13,        +1.812416222025e-12,        +0.000000000000e+00,        +0.000000000000e+00
 9.36000000e+01,        +5.476674898704e-13,        +1.791778402459e-12,        +0.000000000000e+00,        +0.000000000000e+00
 9.45500000e+01,        +5.525840950424e-13,        +1.771395021927e-12,        +0.000000000000e+00,        +0.000000000000e+00
 9.55000000e+01,        +5.574424576990e-13,        +1.751264216485e-12,        +0.000000000000e+00,        +0.000000000000e+00
 9.64500000e+01,        +5.622428196724e-13,        +1.731384058841e-12,        +0.000000000000e+00,        +0.000000000000e+00
 9.74000000e+01,        +5.669854433501e-13,        +1.711752563433e-12,        +0.000000000000e+00,        +0.000000000000e+00
 9.83500000e+01,        +5.716706103658e-13,        +1.692367691283e-12,        +0.000000000000e+00,        +0.000000000000e+00
 9.93000000e+01,        +5.762986203443e-13,        +1.673227354634e-12,        +0.000000000000e+00,        +0.000000000000e+00
 1.00250000e+02,        +5.808697896996e-13,        +1.654329421355e-12,        +0.000000000000e+00,        +0.000000000000e+00
 1.01200000e+02,        +5.853844504809e-13,        +1.635671719140e-12,        +0.000000000000e+00,        +0.000000000000e+00
 1.02150000e+02,        +5.898429492741e-13,        +1.617252039506e-12,        +0.000000000000e+00,        +0.000000000000e+00
 1.03100000e+02,        +5.942456461462e-13,        +1.599068141589e-12,        +0.000000000000e+00,        +0.000000000000e+00
 1.04050000e+02,        +5.985929136437e-13,        +1.581117755762e-12,        +0.000000000000e+00,        +0.000000000000e+00
 1.05000000e+02,        +6.028851358306e-13,        +1.563398587057e-12,        +0.000000000000e+00,        +0.000000000000e+00
 1.05950000e+02,        +6.071227073720e-13,        +1.545908318416e-12,        +0.000000000000e+00,        +0.000000000000e+00
 1.06900000e+02,        +6.113060326627e-13,        +1.528644613779e-12,        +0.000000000000e+00,        +0.000000000000e+00
 1.07850000e+02,        +6.154355249933e-13,        +1.511605121000e-12,        +0.000000000000e+00,        +0.000000000000e+00
 1.08800000e+02,        +6.195116057596e-13,        +1.494787474612e-12,        +0.000000000000e+00,        +0.000000000000e+00
 1.09750000e+02,        +6.235347037070e-13,        +1.478189298443e-12,        +0.000000000000e+00,        +0.000000000000e+00
 1.10700000e+02,        +6.275052542152e-13,        +1.461808208085e-12,        +0.000000000000e+00,        +0.000000000000e+00
 1.11650000e+02,        +6.314236986136e-13,        +1.445641813221e-12,        +0.000000000000e+00,        +0.000000000000e+00
 1.12600000e+02,        +6.352904835387e-13,        +1.429687719835e-12,        +0.000000000000e+00,        +0.000000000000e+00
 1.13550000e+02,        +6.391060603147e-13,        +1.413943532274e-12,        +0.000000000000e+00,        +0.000000000000e+00
 1.14500000e+02,        +6.428708843747e-13,        +1.398406855208e-12,        +0.000000000000e+00,        +0.000000000000e+00
 1.15450000e+02,        +6.465854147059e-13,        +1.383075295456e-12,        +0.000000000000e+00,        +0.000000000000e+00
 1.16400000e+02,        +6.502501133286e-13,        +1.367946463720e-12,        +0.000000000000e+00,        +0.000000000000e+00
 1.17350000e+02,        +6.538654447997e-13,        +1.353017976193e-12,        +0.000000000000e+00,        +0.000000000000e+00
 1.18300000e+02,        +6.574318757454e-13,        +1.338287456084e-12,        +0.000000000000e+00,        +0.000000000000e+00
 1.19250000e+02,        +6.609498744196e-13,        +1.323752535030e-12,        +0.000000000000e+00,        +0.000000000000e+00
 1.20200000e+02,        +6.644199102854e-13,        +1.309410854430e-12,        +0.000000000000e+00,        +0.000000000000e+00
 1.21150000e+02,        +6.678424536226e-13,        +1.295260066678e-12,        +0.000000000000e+00,        +0.000000000000e+00
 1.22100000e+02,        +6.712179751558e-13,        +1.281297836321e-12,        +0.000000000000e+00,        +0.000000000000e+00
 1.23050000e+02,        +6.745469457059e-13,        +1.267521841131e-12,        +0.000000000000e+00,        +0.000000000000e+00
 1.24000000e+02,        +6.778298358615e-13,        +1.253929773109e-12,        +0.000000000000e+00,        +0.000000000000e+00
 1.24950000e+02,        +6.810671156707e-13,        +1.240519339405e-12,        +0.000000000000e+00,        +0.000000000000e+00
 1.25900000e+02,        +6.842592543506e-13,        +1.227288263177e-12,        +0.000000000000e+00,        +0.000000000000e+00
 1.26850000e+02,        +6.874067200187e-13,        +1.214234284385e-12,        +0.000000000000e+00,        +0.000000000000e+00
 1.27800000e+02,        +6.905099794361e-13,        +1.201355160515e-12,        +0.000000000000e+00,        +0.000000000000e+00
 1.28750000e+02,        +6.935694977719e-13,        +1.188648667254e-12,        +0.000000000000e+00,        +0.000000000000e+00
 1.29700000e+02,        +6.965857383823e-13,        +1.176112599102e-12,        +0.000000000000e+00,        +0.000000000000e+00
 1.30650000e+02,        +6.995591626022e-13,        +1.163744769927e-12,        +0.000000000000e+00,        +0.000000000000e+00
 1.31600000e+02,        +7.024902295555e-13,        +1.151543013483e-12,        +0.000000000000e+00,        +0.000000000000e+00
 1.32550000e+02,        +7.053793959765e-13,        +1.139505183869e-12,        +0.000000000000e+00,        +0.000000000000e+00
 1.33500000e+02,        +7.082271160442e-13,        +1.127629155944e-12,        +0.000000000000e+00,        +0.000000000000e+00
 1.34450000e+02,        +7.110338412303e-13,        +1.115912825701e-12,        +0.000000000000e+00,        +0.000000000000e+00
 1.35400000e+02,        +7.138000201587e-13,        +1.104354110603e-12,        +0.000000000000e+00,        +0.000000000000e+00
 1.36350000e+02,        +7.165260984758e-13,        +1.092950949875e-12,        +0.000000000000e+00,        +0.000000000000e+00
 1.37300000e+02,        +7.192125187334e-13,        +1.081701304763e-12,        +0.000000000000e+00,        +0.000000000000e+00
 1.38250000e+02,        +7.218597202775e-13,        +1.070603158760e-12,        +0.000000000000e+00,        +0.000000000000e+00
 1.39200000e+02,        +7.244681391539e-13,        +1.059654517800e-12,        +0.000000000000e+00,        +0.000000000000e+00
 1.40150000e+02,        +7.270382080157e-13,        +1.048853410415e-12,        +0.000000000000e+00,        +0.000000000000e+00
 1.41100000e+02,        +7.295703560444e-13,        +1.038197887871e-12,        +0.000000000000e+00,        +0.000000000000e+00
 1.42050000e+02,        +7.320650088786e-13,        +1.027686024278e-12,        +0.000000000000e+00,        +0.000000000000e+00
 1.43000000e+02,        +7.345225885490e-13,        +1.017315916667e-12,        +0.000000000000e+00,        +0.000000000000e+00
 1.43950000e+02,        +7.369435134221e-13,        +1.007085685048e-12,        +0.000000000000e+00,        +0.000000000000e+00
 1.44900000e+02,        +7.393281981524e-13,        +9.969934724475e-13,        +0.000000000000e+00,        +0.000000000000e+00
 1.45850000e+02,        +7.416770536388e-13,        +9.870374449232e-13,        +0.000000000000e+00,        +0.000000000000e+00
 1.46800000e+02,        +7.439904869899e-13,        +9.772157915574e-13,        +0.000000000000e+00,        +0.000000000000e+00
 1.47750000e+02,        +7.462689014940e-13,        +9.675267244352e-13,        +0.000000000000e+00,        +0.000000000000e+00
 1.48700000e+02,        +7.485126965955e-13,        +9.579684786037e-13,        +0.000000000000e+00,        +0.000000000000e+00
 1.49650000e+02,        +7.507222678772e-13,        +9.485393120171e-13,        +0.000000000000e+00,        +0.000000000000e+00
 1.50600000e+02,        +7.528980070477e-13,        +9.392375054657e-13,        +0.000000000000e+00,        +0.000000000000e+00
 1.51550000e+02,        +7.550403019336e-13,        +9.300613624916e-13,        +0.000000000000e+00,        +0.000000000000e+00
 1.52500000e+02,        +7.571495364766e-13,        +9.210092092914e-13,        +0.000000000000e+00,        +0.000000000000e+00
 1.53450000e+02,        +7.592260907357e-13,        +9.120793946083e-13,        +0.000000000000e+00,        +0.000000000000e+00
 1.54400000e+02,        +7.612703408933e-13,        +9.032702896119e-13,        +0.000000000000e+00,        +0.000000000000e+00
 1.55350000e+02,        +7.632826592651e-13,        +8.945802877692e-13,        +0.000000000000e+00,        +0.000000000000e+00
 1.56300000e+02,        +7.652634143150e-13,        +8.860078047053e-13,        +0.000000000000e+00,        +0.000000000000e+00
 1.57250000e+02,        +7.672129706728e-13,        +8.775512780572e-13,        +0.000000000000e+00,        +0.000000000000e+00
 1.58200000e+02,        +7.691316891559e-13,        +8.692091673183e-13,        +0.000000000000e+00,        +0.000000000000e+00
 1.59150000e+02,        +7.710199267948e-13,        +8.609799536775e-13,        +0.000000000000e+00,        +0.000000000000e+00
 1.60100000e+02,        +7.728780368609e-13,        +8.528621398508e-13,        +0.000000000000e+00,        +0.000000000000e+00
 1.61050000e+02,        +7.747063688988e-13,        +8.448542499082e-13,        +0.000000000000e+00,        +0.000000000000e+00
 1.62000000e+02,        +7.765052687601e-13,        +8.369548290949e-13,        +0.000000000000e+00,        +0.000000000000e+00
 1.62950000e+02,        +7.782750786424e-13,        +8.291624436489e-13,        +0.000000000000e+00,        +0.000000000000e+00
 1.63900000e+02,        +7.800161371279e-13,        +8.214756806132e-13,        +0.000000000000e+00,        +0.000000000000e+00
 1.64850000e+02,        +7.817287792278e-13,        +8.138931476465e-13,        +0.000000000000e+00,        +0.000000000000e+00
 1.65800000e+02,        +7.834133364279e-13,        +8.064134728302e-13,        +0.000000000000e+00,        +0.000000000000e+00
 1.66750000e+02,        +7.850701367362e-13,        +7.990353044720e-13,        +0.000000000000e+00,        +0.000000000000e+00
 1.67700000e+02,        +7.866995047348e-13,        +7.917573109098e-13,        +0.000000000000e+00,        +0.000000000000e+00
 1.68650000e+02,        +7.883017616323e-13,        +7.845781803118e-13,        +0.000000000000e+00,        +0.000000000000e+00
 1.69600000e+02,        +7.898772253201e-13,        +7.774966204777e-13,        +0.000000000000e+00,        +0.000000000000e+00
 1.70550000e+02,        +7.914262104300e-13,        +7.705113586372e-13,        +0.000000000000e+00,        +0.000000000000e+00
 1.71500000e+02,        +7.929490283951e-13,        +7.636211412497e-13,        +0.000000000000e+00,        +0.000000000000e+00
 1.72450000e+02,        +7.944459875120e-13,        +7.568247338034e-13,        +0.000000000000e+00,        +0.000000000000e+00
 1.73400000e+02,        +7.959173930066e-13,        +7.501209206156e-13,        +0.000000000000e+00,        +0.000000000000e+00
 1.74350000e+02,        +7.973635471006e-13,        +7.435085046323e-13,        +0.000000000000e+00,        +0.000000000000e+00
 1.75300000e+02,        +7.987847490818e-13,        +7.369863072307e-13,        +0.000000000000e+00,        +0.000000000000e+00
 1.76250000e+02,        +8.001812953761e-13,        +7.305531680219e-13,        +0.000000000000e+00,        +0.000000000000e+00
 1.77200000e+02,        +8.015534796220e-13,        +7.242079446562e-13,        +0.000000000000e+00,        +0.000000000000e+00
 1.78150000e+02,        +8.029015927475e-13,        +7.179495126304e-13,        +0.000000000000e+00,        +0.000000000000e+00
 1.79100000e+02,        +8.042259230492e-13,        +7.117767650962e-13,        +0.000000000000e+00,        +0.000000000000e+00
 1.80050000e+02,        +8.055267562750e-13,        +7.056886126736e-13,        +0.000000000000e+00,        +0.000000000000e+00
 1.81000000e+02,        +8.068043757083e-13,        +6.996839832655e-13,        +0.000000000000e+00,        +0.000000000000e+00
 1.81950000e+02,        +8.080590622552e-13,        +6.937618218761e-13,        +0.000000000000e+00,        +0.000000000000e+00
 1.82900000e+02,        +8.092910945356e-13,        +6.879210904337e-13,        +0.000000000000e+00,        +0.000000000000e+00
 1.83850000e+02,        +8.105007489751e-13,        +6.821607676157e-13,        +0.000000000000e+00,        +0.000000000000e+00
 1.84800000e+02,        +8.116882999027e-13,        +6.764798486800e-13,        +0.000000000000e+00,        +0.000000000000e+00
 1.85750000e+02,        +8.128540196491e-13,        +6.708773452980e-13,        +0.000000000000e+00,        +0.000000000000e+00
 1.86700000e+02,        +8.139981786509e-13,        +6.653522853964e-13,        +0.000000000000e+00,        +0.000000000000e+00
 1.87650000e+02,        +8.151210455557e-13,        +6.599037129996e-13,        +0.000000000000e+00,        +0.000000000000e+00
 1.88600000e+02,        +8.162228873340e-13,        +6.545306880814e-13,        +0.000000000000e+00,        +0.000000000000e+00
 1.89550000e+02,        +8.173039693923e-13,        +6.492322864203e-13,        +0.000000000000e+00,        +0.000000000000e+00
 1.90500000e+02,        +8.183645556921e-13,        +6.440075994611e-13,        +0.000000000000e+00,        +0.000000000000e+00
 1.91450000e+02,        +8.194049088734e-13,        +6.388557341842e-13,        +0.000000000000e+00,        +0.000000000000e+00
 1.92400000e+02,        +8.204252903816e-13,        +6.337758129804e-13,        +0.000000000000e+00,        +0.000000000000e+00
 1.93350000e+02,        +8.214259606013e-13,        +6.287669735339e-13,        +0.000000000000e+00,        +0.000000000000e+00
 1.94300000e+02,        +8.224071789937e-13,        +6.238283687118e-13,        +0.000000000000e+00,        +0.000000000000e+00
 1.95250000e+02,        +8.233692042413e-13,        +6.189591664635e-13,        +0.000000000000e+00,        +0.000000000000e+00
 1.96200000e+02,        +8.243122943982e-13,        +6.141585497273e-13,        +0.000000000000e+00,        +0.000000000000e+00
 1.97150000e+02,        +8.252367070455e-13,        +6.094257163457e-13,        +0.000000000000e+00,        +0.000000000000e+00
 1.98100000e+02,        +8.261426994568e-13,        +6.047598789920e-13,        +0.000000000000e+00,        +0.000000000000e+00
 1.99050000e+02,        +8.270305287675e-13,        +6.001602651048e-13,        +0.000000000000e+00,        +0.000000000000e+00
 2.00000000e+02,        +8.279004521550e-13,        +5.956261168353e-13,        +0.000000000000e+00,        +0.000000000000e+00
