        f (GHz),               V_inc[1] (V),               Re{V[1]} (V),               Im{V[1]} (V)
 1.00000000e+01,        +7.071067811865e+00,        +5.798226345449e-01,        +2.129817439338e+00
 1.09500000e+01,        +7.071067811865e+00,        +6.551009635884e-01,        +2.309637157430e+00
 1.19000000e+01,        +7.071067811865e+00,        +7.343672614554e-01,        +2.485438934600e+00
 1.28500000e+01,        +7.071067811865e+00,        +8.173760344572e-01,        +2.657313912566e+00
 1.38000000e+01,        +7.071067811865e+00,        +9.039260130986e-01,        +2.825346946862e+00
 1.47500000e+01,        +7.071067811865e+00,        +9.938502691848e-01,        +2.989610994844e+00
 1.57000000e+01,        +7.071067811865e+00,        +1.087007375714e+00,        +3.150164520414e+00
 1.66500000e+01,        +7.071067811865e+00,        +1.183273954610e+00,        +3.307050988496e+00
 1.76000000e+01,        +7.071067811865e+00,        +1.282538676158e+00,        +3.460299702415e+00
 1.85500000e+01,        +7.071067811865e+00,        +1.384697613358e+00,        +3.609927422065e+00
 1.95000000e+01,        +7.071067811865e+00,        +1.489650777017e+00,        +3.755940363245e+00
 2.04500000e+01,        +7.071067811865e+00,        +1.597299632480e+00,        +3.898336309121e+00
 2.14000000e+01,        +7.071067811865e+00,        +1.707545404173e+00,        +4.037106663380e+00
 2.23500000e+01,        +7.071067811865e+00,        +1.820287994243e+00,        +4.172238345137e+00
 2.33000000e+01,        +7.071067811865e+00,        +1.935425367954e+00,        +4.303715474617e+00
 2.42500000e+01,        +7.071067811865e+00,        +2.052853285043e+00,        +4.431520830577e+00
 2.52000000e+01,        +7.071067811865e+00,        +2.172465280598e+00,        +4.555637080457e+00
 2.61500000e+01,        +7.071067811865e+00,        +2.294152820324e+00,        +4.676047796323e+00
 2.71000000e+01,        +7.071067811865e+00,        +2.417805572386e+00,        +4.792738275685e+00
 2.80500000e+01,        +7.071067811865e+00,        +2.543311752347e+00,        +4.905696189141e+00
 2.90000000e+01,        +7.071067811865e+00,        +2.670558508676e+00,        +5.014912076966e+00
 2.99500000e+01,        +7.071067811865e+00,        +2.799432325314e+00,        +5.120379716070e+00
 3.09000000e+01,        +7.071067811865e+00,        +2.929819424309e+00,        +5.222096376934e+00
 3.18500000e+01,        +7.071067811865e+00,        +3.061606156563e+00,        +5.320062988132e+00
 3.28000000e+01,        +7.071067811865e+00,        +3.194679372926e+00,        +5.414284224179e+00
 3.37500000e+01,        +7.071067811865e+00,        +3.328926770266e+00,        +5.504768530151e+00
 3.47000000e+01,        +7.071067811865e+00,        +3.464237209775e+00,        +5.591528094951e+00
 3.56500000e+01,        +7.071067811865e+00,        +3.600501005835e+00,        +5.674578783139e+00
 3.66000000e+01,        +7.071067811865e+00,        +3.737610185341e+00,        +5.753940033970e+00
 3.75500000e+01,        +7.071067811865e+00,        +3.875458717701e+00,        +5.829634734738e+00
 3.85000000e+01,        +7.071067811865e+00,        +4.013942716772e+00,        +5.901689074626e+00
 3.94500000e+01,        +7.071067811865e+00,        +4.152960615807e+00,        +5.970132384011e+00
 4.04000000e+01,        +7.071067811865e+00,        +4.292413317293e+00,        +6.034996963590e+00
 4.13500000e+01,        +7.071067811865e+00,        +4.432204319053e+00,        +6.096317906717e+00
 4.23000000e+01,        +7.071067811865e+00,        +4.572239818739e+00,        +6.154132917977e+00
 4.32500000e+01,        +7.071067811865e+00,        +4.712428798028e+00,        +6.208482130240e+00
 4.42000000e+01,        +7.071067811865e+00,        +4.852683088596e+00,        +6.259407922239e+00
 4.51500000e+01,        +7.071067811865e+00,        +4.992917421392e+00,        +6.306954738215e+00
 4.61000000e+01,        +7.071067811865e+00,        +5.133049460627e+00,        +6.351168910818e+00
 4.70500000e+01,        +7.071067811865e+00,        +5.272999824230e+00,        +6.392098488356e+00
 4.80000000e+01,        +7.071067811865e+00,        +5.412692091920e+00,        +6.429793067075e+00
 4.89500000e+01,        +7.071067811865e+00,        +5.552052802324e+00,        +6.464303629110e+00
 4.99000000e+01,        +7.071067811865e+00,        +5.691011440201e+00,        +6.495682386504e+00
 5.08500000e+01,        +7.071067811865e+00,        +5.829500415061e+00,        +6.523982631637e+00
 5.18000000e+01,        +7.071067811865e+00,        +5.967455032029e+00,        +6.549258594229e+00
 5.27500000e+01,        +7.071067811865e+00,        +6.104813455898e+00,        +6.571565305053e+00
 5.37000000e+01,        +7.071067811865e+00,        +6.241516669360e+00,        +6.590958466388e+00
 5.46500000e+01,        +7.071067811865e+00,        +6.377508425993e+00,        +6.607494329195e+00
 5.56000000e+01,        +7.071067811865e+00,        +6.512735198860e+00,        +6.621229576960e+00
 5.65500000e+01,        +7.071067811865e+00,        +6.647146125333e+00,        +6.632221216085e+00
 5.75000000e+01,        +7.071067811865e+00,        +6.780692948622e+00,        +6.640526472711e+00
 5.84500000e+01,        +7.071067811865e+00,        +6.913329956769e+00,        +6.646202695806e+00
 5.94000000e+01,        +7.071067811865e+00,        +7.045013919267e+00,        +6.649307266338e+00
 6.03500000e+01,        +7.071067811865e+00,        +7.175704022132e+00,        +6.649897512356e+00
 6.13000000e+01,        +7.071067811865e+00,        +7.305361801292e+00,        +6.648030629774e+00
 6.22500000e+01,        +7.071067811865e+00,        +7.433951075373e+00,        +6.643763608638e+00
 6.32000000e+01,        +7.071067811865e+00,        +7.561437877382e+00,        +6.637153164693e+00
 6.41500000e+01,        +7.071067811865e+00,        +7.687790386255e+00,        +6.628255676008e+00
 6.51000000e+01,        +7.071067811865e+00,        +7.812978858132e+00,        +6.617127124463e+00
 6.60500000e+01,        +7.071067811865e+00,        +7.936975557734e+00,        +6.603823041872e+00
 6.70000000e+01,        +7.071067811865e+00,        +8.059754690050e+00,        +6.588398460546e+00
 6.79500000e+01,        +7.071067811865e+00,        +8.181292332410e+00,        +6.570907868080e+00
 6.89000000e+01,        +7.071067811865e+00,        +8.301566367301e+00,        +6.551405166143e+00
 6.98500000e+01,        +7.071067811865e+00,        +8.420556415879e+00,        +6.529943633107e+00
 7.08000000e+01,        +7.071067811865e+00,        +8.538243772387e+00,        +6.506575890288e+00
 7.17500000e+01,        +7.071067811865e+00,        +8.654611339598e+00,        +6.481353871624e+00
 7.27000000e+01,        +7.071067811865e+00,        +8.769643565415e+00,        +6.454328796590e+00
 7.36500000e+01,        +7.071067811865e+00,        +8.883326380527e+00,        +6.425551146215e+00
 7.46000000e+01,        +7.071067811865e+00,        +8.995647137456e+00,        +6.395070641965e+00
 7.55500000e+01,        +7.071067811865e+00,        +9.106594550959e+00,        +6.362936227338e+00
 7.65000000e+01,        +7.071067811865e+00,        +9.216158639571e+00,        +6.329196052110e+00
 7.74500000e+01,        +7.071067811865e+00,        +9.324330668857e+00,        +6.293897458893e+00
 7.84000000e+01,        +7.071067811865e+00,        +9.431103095911e+00,        +6.257086972028e+00
 7.93500000e+01,        +7.071067811865e+00,        +9.536469515427e+00,        +6.218810288567e+00
 8.03000000e+01,        +7.071067811865e+00,        +9.640424607217e+00,        +6.179112271250e+00
 8.12500000e+01,        +7.071067811865e+00,        +9.742964085231e+00,        +6.138036943345e+00
 8.22000000e+01,        +7.071067811865e+00,        +9.844084648161e+00,        +6.095627485176e+00
 8.31500000e+01,        +7.071067811865e+00,        +9.943783931415e+00,        +6.051926232329e+00
 8.41000000e+01,        +7.071067811865e+00,        +1.004206046078e+01,        +6.006974675263e+00
 8.50500000e+01,        +7.071067811865e+00,        +1.013891360744e+01,        +5.960813460388e+00
 8.60000000e+01,        +7.071067811865e+00,        +1.023434354458e+01,        +5.913482392347e+00
 8.69500000e+01,        +7.071067811865e+00,        +1.032835120537e+01,        +5.865020437560e+00
 8.79000000e+01,        +7.071067811865e+00,        +1.042093824254e+01,        +5.815465728770e+00
 8.88500000e+01,        +7.071067811865e+00,        +1.051210698929e+01,        +5.764855570657e+00
 8.98000000e+01,        +7.071067811865e+00,        +1.060186042168e+01,        +5.713226446307e+00
 9.07500000e+01,        +7.071067811865e+00,        +1.069020212233e+01,        +5.660614024579e+00
 9.17000000e+01,        +7.071067811865e+00,        +1.077713624563e+01,        +5.607053168163e+00
 9.26500000e+01,        +7.071067811865e+00,        +1.086266748411e+01,        +5.552577942381e+00
 9.36000000e+01,        +7.071067811865e+00,        +1.094680103632e+01,        +5.497221624547e+00
 9.45500000e+01,        +7.071067811865e+00,        +1.102954257582e+01,        +5.441016713950e+00
 9.55000000e+01,        +7.071067811865e+00,        +1.111089822148e+01,        +5.383994942311e+00
 9.64500000e+01,        +7.071067811865e+00,        +1.119087450910e+01,        +5.326187284595e+00
 9.74000000e+01,        +7.071067811865e+00,        +1.126947836404e+01,        +5.267623970362e+00
 9.83500000e+01,        +7.071067811865e+00,        +1.134671707511e+01,        +5.208334495358e+00
 9.93000000e+01,        +7.071067811865e+00,        +1.142259826957e+01,        +5.148347633394e+00
 1.00250000e+02,        +7.071067811865e+00,        +1.149712988926e+01,        +5.087691448496e+00
 1.01200000e+02,        +7.071067811865e+00,        +1.157032016769e+01,        +5.026393307283e+00
 1.02150000e+02,        +7.071067811865e+00,        +1.164217760820e+01,        +4.964479891469e+00
 1.03100000e+02,        +7.071067811865e+00,        +1.171271096314e+01,        +4.901977210570e+00
 1.04050000e+02,        +7.071067811865e+00,        +1.178192921400e+01,        +4.838910614603e+00
 1.05000000e+02,        +7.071067811865e+00,        +1.184984155242e+01,        +4.775304806955e+00
 1.05950000e+02,        +7.071067811865e+00,        +1.191645736215e+01,        +4.711183857278e+00
 1.06900000e+02,        +7.071067811865e+00,        +1.198178620184e+01,        +4.646571214354e+00
 1.07850000e+02,        +7.071067811865e+00,        +1.204583778867e+01,        +4.581489719018e+00
 1.08800000e+02,        +7.071067811865e+00,        +1.210862198283e+01,        +4.515961616993e+00
 1.09750000e+02,        +7.071067811865e+00,        +1.217014877268e+01,        +4.450008571739e+00
 1.10700000e+02,        +7.071067811865e+00,        +1.223042826073e+01,        +4.383651677168e+00
 1.11650000e+02,        +7.071067811865e+00,        +1.228947065032e+01,        +4.316911470367e+00
 1.12600000e+02,        +7.071067811865e+00,        +1.234728623300e+01,        +4.249807944087e+00
 1.13550000e+02,        +7.071067811865e+00,        +1.240388537649e+01,        +4.182360559286e+00
 1.14500000e+02,        +7.071067811865e+00,        +1.245927851342e+01,        +4.114588257402e+00
 1.15450000e+02,        +7.071067811865e+00,        +1.251347613054e+01,        +4.046509472582e+00
 1.16400000e+02,        +7.071067811865e+00,        +1.256648875862e+01,        +3.978142143710e+00
 1.17350000e+02,        +7.071067811865e+00,        +1.261832696283e+01,        +3.909503726318e+00
 1.18300000e+02,        +7.071067811865e+00,        +1.266900133370e+01,        +3.840611204324e+00
 1.19250000e+02,        +7.071067811865e+00,        +1.271852247861e+01,        +3.771481101550e+00
 1.20200000e+02,        +7.071067811865e+00,        +1.276690101373e+01,        +3.702129493162e+00
 1.21150000e+02,        +7.071067811865e+00,        +1.281414755646e+01,        +3.632572016831e+00
 1.22100000e+02,        +7.071067811865e+00,        +1.286027271829e+01,        +3.562823883764e+00
 1.23050000e+02,        +7.071067811865e+00,        +1.290528709815e+01,        +3.492899889522e+00
 1.24000000e+02,        +7.071067811865e+00,        +1.294920127611e+01,        +3.422814424659e+00
 1.24950000e+02,        +7.071067811865e+00,        +1.299202580749e+01,        +3.352581485133e+00
 1.25900000e+02,        +7.071067811865e+00,        +1.303377121736e+01,        +3.282214682586e+00
 1.26850000e+02,        +7.071067811865e+00,        +1.307444799541e+01,        +3.211727254306e+00
 1.27800000e+02,        +7.071067811865e+00,        +1.311406659108e+01,        +3.141132073127e+00
 1.28750000e+02,        +7.071067811865e+00,        +1.315263740914e+01,        +3.070441657038e+00
 1.29700000e+02,        +7.071067811865e+00,        +1.319017080550e+01,        +2.999668178582e+00
 1.30650000e+02,        +7.071067811865e+00,        +1.322667708326e+01,        +2.928823474161e+00
 1.31600000e+02,        +7.071067811865e+00,        +1.326216648920e+01,        +2.857919052981e+00
 1.32550000e+02,        +7.071067811865e+00,        +1.329664921040e+01,        +2.786966105915e+00
 1.33500000e+02,        +7.071067811865e+00,        +1.333013537116e+01,        +2.715975514143e+00
 1.34450000e+02,        +7.071067811865e+00,        +1.336263503016e+01,        +2.644957857576e+00
 1.35400000e+02,        +7.071067811865e+00,        +1.339415817786e+01,        +2.573923423067e+00
 1.36350000e+02,        +7.071067811865e+00,        +1.342471473406e+01,        +2.502882212511e+00
 1.37300000e+02,        +7.071067811865e+00,        +1.345431454579e+01,        +2.431843950606e+00
 1.38250000e+02,        +7.071067811865e+00,        +1.348296738524e+01,        +2.360818092638e+00
 1.39200000e+02,        +7.071067811865e+00,        +1.351068294800e+01,        +2.289813831817e+00
 1.40150000e+02,        +7.071067811865e+00,        +1.353747085138e+01,        +2.218840106689e+00
 1.41100000e+02,        +7.071067811865e+00,        +1.356334063299e+01,        +2.147905608174e+00
 1.42050000e+02,        +7.071067811865e+00,        +1.358830174940e+01,        +2.077018786504e+00
 1.43000000e+02,        +7.071067811865e+00,        +1.361236357499e+01,        +2.006187857985e+00
 1.43950000e+02,        +7.071067811865e+00,        +1.363553540092e+01,        +1.935420811619e+00
 1.44900000e+02,        +7.071067811865e+00,        +1.365782643423e+01,        +1.864725415435e+00
 1.45850000e+02,        +7.071067811865e+00,        +1.367924579711e+01,        +1.794109222803e+00
 1.46800000e+02,        +7.071067811865e+00,        +1.369980252620e+01,        +1.723579578463e+00
 1.47750000e+02,        +7.071067811865e+00,        +1.371950557212e+01,        +1.653143624487e+00
 1.48700000e+02,        +7.071067811865e+00,        +1.373836379896e+01,        +1.582808306024e+00
 1.49650000e+02,        +7.071067811865e+00,        +1.375638598402e+01,        +1.512580376902e+00
 1.50600000e+02,        +7.071067811865e+00,        +1.377358081752e+01,        +1.442466405076e+00
 1.51550000e+02,        +7.071067811865e+00,        +1.378995690246e+01,        +1.372472777967e+00
 1.52500000e+02,        +7.071067811865e+00,        +1.380552275457e+01,        +1.302605707615e+00
 1.53450000e+02,        +7.071067811865e+00,        +1.382028680226e+01,        +1.232871235676e+00
 1.54400000e+02,        +7.071067811865e+00,        +1.383425738675e+01,        +1.163275238337e+00
 1.55350000e+02,        +7.071067811865e+00,        +1.384744276217e+01,        +1.093823431053e+00
 1.56300000e+02,        +7.071067811865e+00,        +1.385985109580e+01,        +1.024521373165e+00
 1.57250000e+02,        +7.071067811865e+00,        +1.387149046828e+01,        +9.553744723699e-01
 1.58200000e+02,        +7.071067811865e+00,        +1.388236887399e+01,        +8.863879891258e-01
 1.59150000e+02,        +7.071067811865e+00,        +1.389249422135e+01,        +8.175670408304e-01
 1.60100000e+02,        +7.071067811865e+00,        +1.390187433329e+01,        +7.489166059989e-01
 1.61050000e+02,        +7.071067811865e+00,        +1.391051694767e+01,        +6.804415282167e-01
 1.62000000e+02,        +7.071067811865e+00,        +1.391842971776e+01,        +6.121465200491e-01
 1.62950000e+02,        +7.071067811865e+00,        +1.392562021283e+01,        +5.440361668183e-01
 1.63900000e+02,        +7.071067811865e+00,        +1.393209591864e+01,        +4.761149302559e-01
 1.64850000e+02,        +7.071067811865e+00,        +1.393786423811e+01,        +4.083871520777e-01
 1.65800000e+02,        +7.071067811865e+00,        +1.394293249188e+01,        +3.408570574318e-01
 1.66750000e+02,        +7.071067811865e+00,        +1.394730791898e+01,        +2.735287582444e-01
 1.67700000e+02,        +7.071067811865e+00,        +1.395099767754e+01,        +2.064062565281e-01
 1.68650000e+02,        +7.071067811865e+00,        +1.395400884542e+01,        +1.394934474823e-01
 1.69600000e+02,        +7.071067811865e+00,        +1.395634842095e+01,        +7.279412260055e-02
 1.70550000e+02,        +7.071067811865e+00,        +1.395802332367e+01,        +6.311972643603e-03
 1.71500000e+02,        +7.071067811865e+00,        +1.395904039505e+01,        -5.994940946530e-02
 1.72450000e+02,        +7.071067811865e+00,        +1.395940639925e+01,        -1.259865258258e-01
 1.73400000e+02,        +7.071067811865e+00,        +1.395912802389e+01,        -1.917959708640e-01
 1.74350000e+02,        +7.071067811865e+00,        +1.395821188080e+01,        -2.573744286479e-01
 1.75300000e+02,        +7.071067811865e+00,        +1.395666450683e+01,        -3.227186703645e-01
 1.76250000e+02,        +7.071067811865e+00,        +1.395449236463e+01,        -3.878255517793e-01
 1.77200000e+02,        +7.071067811865e+00,        +1.395170184340e+01,        -4.526920108738e-01
 1.78150000e+02,        +7.071067811865e+00,        +1.394829925974e+01,        -5.173150654904e-01
 1.79100000e+02,        +7.071067811865e+00,        +1.394429085840e+01,        -5.816918110184e-01
 1.80050000e+02,        +7.071067811865e+00,        +1.393968281307e+01,        -6.458194182468e-01
 1.81000000e+02,        +7.071067811865e+00,        +1.393448122720e+01,        -7.096951311850e-01
 1.81950000e+02,        +7.071067811865e+00,        +1.392869213476e+01,        -7.733162650169e-01
 1.82900000e+02,        +7.071067811865e+00,        +1.392232150104e+01,        -8.366802040508e-01
 1.83850000e+02,        +7.071067811865e+00,        +1.391537522340e+01,        -8.997843998247e-01
 1.84800000e+02,        +7.071067811865e+00,        +1.390785913206e+01,        -9.626263691487e-01
 1.85750000e+02,        +7.071067811865e+00,        +1.389977899088e+01,        -1.025203692323e+00
 1.86700000e+02,        +7.071067811865e+00,        +1.389114049806e+01,        -1.087514011297e+00
 1.87650000e+02,        +7.071067811865e+00,        +1.388194928692e+01,        -1.149555028011e+00
 1.88600000e+02,        +7.071067811865e+00,        +1.387221092663e+01,        -1.211324502660e+00
 1.89550000e+02,        +7.071067811865e+00,        +1.386193092292e+01,        -1.272820252088e+00
 1.90500000e+02,        +7.071067811865e+00,        +1.385111471879e+01,        -1.334040148215e+00
 1.91450000e+02,        +7.071067811865e+00,        +1.383976769519e+01,        -1.394982116475e+00
 1.92400000e+02,        +7.071067811865e+00,        +1.382789517171e+01,        -1.455644134362e+00
 1.93350000e+02,        +7.071067811865e+00,        +1.381550240722e+01,        -1.516024229950e+00
 1.94300000e+02,        +7.071067811865e+00,        +1.380259460052e+01,        -1.576120480519e+00
 1.95250000e+02,        +7.071067811865e+00,        +1.378917689099e+01,        -1.635931011150e+00
 1.96200000e+02,        +7.071067811865e+00,        +1.377525435912e+01,        -1.695453993422e+00
 1.97150000e+02,        +7.071067811865e+00,        +1.376083202717e+01,        -1.754687644116e+00
 1.98100000e+02,        +7.071067811865e+00,        +1.374591485966e+01,        -1.813630223956e+00
 1.99050000e+02,        +7.071067811865e+00,        +1.373050776396e+01,        -1.872280036366e+00
 2.00000000e+02,        +7.071067811865e+00,        +1.371461559073e+01,        -1.930635426298e+00
