        f (GHz),            I_inc[1][1] (A),            Re{I[1][1]} (A),            Im{I[1][1]} (A),            Re{I[2][1]} (A),            Im{I[2][1]} (A),            I_inc[2][2] (A),            Re{I[1][2]} (A),            Im{I[1][2]} (A),            Re{I[2][2]} (A),            Im{I[2][2]} (A)
 1.00000000e+01,        +1.414213562373e-01,        +1.435679788162e-01,        +8.995170205002e-03,        +1.388896701494e-01,        -1.432463895257e-02,        +1.414213562373e-01,        +1.388896701494e-01,        -1.432463895256e-02,        +1.435677709540e-01,        +8.995210741993e-03
 1.09500000e+01,        +1.414213562373e-01,        +1.438139115732e-01,        +9.785454134275e-03,        +1.386219815946e-01,        -1.561442310747e-02,        +1.414213562373e-01,        +1.386219815946e-01,        -1.561442310747e-02,        +1.438136855432e-01,        +9.785510727167e-03
 1.19000000e+01,        +1.414213562373e-01,        +1.440726313635e-01,        +1.056489158033e-02,        +1.383399073277e-01,        -1.689438027213e-02,        +1.414213562373e-01,        +1.383399073277e-01,        -1.689438027213e-02,        +1.440724244858e-01,        +1.056496761947e-02
 1.28500000e+01,        +1.414213562373e-01,        +1.443434771942e-01,        +1.133425619849e-02,        +1.380440152454e-01,        -1.816519380790e-02,        +1.414213562373e-01,        +1.380440152454e-01,        -1.816519380789e-02,        +1.443433161118e-01,        +1.133434306243e-02
 1.38000000e+01,        +1.414213562373e-01,        +1.446259993589e-01,        +1.209426172056e-02,        +1.377346908410e-01,        -1.942751915203e-02,        +1.414213562373e-01,        +1.377346908410e-01,        -1.942751915203e-02,        +1.446259002790e-01,        +1.209434458058e-02
 1.47500000e+01,        +1.414213562373e-01,        +1.449199142697e-01,        +1.284554166481e-02,        +1.374121710950e-01,        -2.068195481826e-02,        +1.414213562373e-01,        +1.374121710950e-01,        -2.068195481826e-02,        +1.449198842554e-01,        +1.284560350623e-02
 1.57000000e+01,        +1.414213562373e-01,        +1.452250648766e-01,        +1.358863989009e-02,        +1.370765773161e-01,        -2.192902671771e-02,        +1.414213562373e-01,        +1.370765773161e-01,        -2.192902671771e-02,        +1.452251035468e-01,        +1.358866412388e-02
 1.66500000e+01,        +1.414213562373e-01,        +1.455413873311e-01,        +1.432400889786e-02,        +1.367279443703e-01,        -2.316918199771e-02,        +1.414213562373e-01,        +1.367279443703e-01,        -2.316918199771e-02,        +1.455414885963e-01,        +1.432398092266e-02
 1.76000000e+01,        +1.414213562373e-01,        +1.458688838378e-01,        +1.505201326314e-02,        +1.363662452786e-01,        -2.440278926431e-02,        +1.414213562373e-01,        +1.363662452785e-01,        -2.440278926431e-02,        +1.458690374803e-01,        +1.505192128381e-02
 1.85500000e+01,        +1.414213562373e-01,        +1.462076011805e-01,        +1.577293614488e-02,        +1.359914110813e-01,        -2.563014277849e-02,        +1.414213562373e-01,        +1.359914110813e-01,        -2.563014277848e-02,        +1.462077941960e-01,        +1.577277148932e-02
 1.95000000e+01,        +1.414213562373e-01,        +1.465576141791e-01,        +1.648698737755e-02,        +1.356033463501e-01,        -2.685146886759e-02,        +1.414213562373e-01,        +1.356033463501e-01,        -2.685146886758e-02,        +1.465578318607e-01,        +1.648674449210e-02
 2.04500000e+01,        +1.414213562373e-01,        +1.469190132559e-01,        +1.719431210779e-02,        +1.352019409450e-01,        -2.806693333578e-02,        +1.414213562373e-01,        +1.352019409450e-01,        -2.806693333578e-02,        +1.469192400377e-01,        +1.719398836066e-02
 2.14000000e+01,        +1.414213562373e-01,        +1.472918953277e-01,        +1.789499930436e-02,        +1.347870786731e-01,        -2.927664907364e-02,        +1.414213562373e-01,        +1.347870786730e-01,        -2.927664907364e-02,        +1.472921154186e-01,        +1.789459468599e-02
 2.23500000e+01,        +1.414213562373e-01,        +1.476763573168e-01,        +1.858908973863e-02,        +1.343586434695e-01,        -3.048068337281e-02,        +1.414213562373e-01,        +1.343586434695e-01,        -3.048068337281e-02,        +1.476765551594e-01,        +1.858860651817e-02
 2.33000000e+01,        +1.414213562373e-01,        +1.480724916826e-01,        +1.927658322168e-02,        +1.339165236502e-01,        -3.167906466742e-02,        +1.414213562373e-01,        +1.339165236502e-01,        -3.167906466742e-02,        +1.480726522737e-01,        +1.927602559699e-02
 2.42500000e+01,        +1.414213562373e-01,        +1.484803834804e-01,        +1.995744501058e-02,        +1.334606146963e-01,        -3.287178856890e-02,        +1.414213562373e-01,        +1.334606146963e-01,        -3.287178856889e-02,        +1.484804925822e-01,        +1.995681877432e-02
 2.52000000e+01,        +1.414213562373e-01,        +1.489001085539e-01,        +2.063161137760e-02,        +1.329908209455e-01,        -3.405882315447e-02,        +1.414213562373e-01,        +1.329908209455e-01,        -3.405882315447e-02,        +1.489001528234e-01,        +2.063092361153e-02
 2.61500000e+01,        +1.414213562373e-01,        +1.493317325512e-01,        +2.129899438346e-02,        +1.325070564843e-01,        -3.524011352784e-02,        +1.414213562373e-01,        +1.325070564843e-01,        -3.524011352783e-02,        +1.493316996081e-01,        +2.129825318670e-02
 2.71000000e+01,        +1.414213562373e-01,        +1.497753105279e-01,        +2.195948592294e-02,        +1.320092454737e-01,        -3.641558570154e-02,        +1.414213562373e-01,        +1.320092454737e-01,        -3.641558570154e-02,        +1.497751889782e-01,        +2.195870017543e-02
 2.80500000e+01,        +1.414213562373e-01,        +1.502308869541e-01,        +2.261296112117e-02,        +1.314973220800e-01,        -3.758514986820e-02,        +1.414213562373e-01,        +1.314973220800e-01,        -3.758514986819e-02,        +1.502306663830e-01,        +2.261214028130e-02
 2.90000000e+01,        +1.414213562373e-01,        +1.506984959932e-01,        +2.325928116202e-02,        +1.309712301457e-01,        -3.874870313238e-02,        +1.414213562373e-01,        +1.309712301457e-01,        -3.874870313238e-02,        +1.506981669361e-01,        +2.325843509585e-02
 2.99500000e+01,        +1.414213562373e-01,        +1.511781619493e-01,        +2.389829562676e-02,        +1.304309226959e-01,        -3.990613177436e-02,        +1.414213562373e-01,        +1.304309226959e-01,        -3.990613177436e-02,        +1.511777158497e-01,        +2.389743446556e-02
 3.09000000e+01,        +1.414213562373e-01,        +1.516698998130e-01,        +2.452984441451e-02,        +1.298763613511e-01,        -4.105731311288e-02,        +1.414213562373e-01,        +1.298763613511e-01,        -4.105731311287e-02,        +1.516693289719e-01,        +2.452897843732e-02
 3.18500000e+01,        +1.414213562373e-01,        +1.521737158522e-01,        +2.515375930955e-02,        +1.293075156991e-01,        -4.220211702725e-02,        +1.414213562373e-01,        +1.293075156991e-01,        -4.220211702724e-02,        +1.521730133733e-01,        +2.515289884723e-02
 3.28000000e+01,        +1.414213562373e-01,        +1.526896082115e-01,        +2.576986525135e-02,        +1.287243626597e-01,        -4.334040719326e-02,        +1.414213562373e-01,        +1.287243626597e-01,        -4.334040719326e-02,        +1.526887679453e-01,        +2.576902060923e-02
 3.37500000e+01,        +1.414213562373e-01,        +1.532175674950e-01,        +2.637798135727e-02,        +1.281268858678e-01,        -4.447204207929e-02,        +1.414213562373e-01,        +1.281268858678e-01,        -4.447204207928e-02,        +1.532165839831e-01,        +2.637716275334e-02
 3.47000000e+01,        +1.414213562373e-01,        +1.537575773171e-01,        +2.697792173947e-02,        +1.275150750905e-01,        -4.559687574334e-02,        +1.414213562373e-01,        +1.275150750904e-01,        -4.559687574333e-02,        +1.537564457386e-01,        +2.697713925577e-02
 3.56500000e+01,        +1.414213562373e-01,        +1.543096148088e-01,        +2.756949615198e-02,        +1.268889256883e-01,        -4.671475846590e-02,        +1.414213562373e-01,        +1.268889256883e-01,        -4.671475846589e-02,        +1.543083309294e-01,        +2.756875969700e-02
 3.66000000e+01,        +1.414213562373e-01,        +1.548736510759e-01,        +2.815251049844e-02,        +1.262484381261e-01,        -4.782553724732e-02,        +1.414213562373e-01,        +1.262484381261e-01,        -4.782553724731e-02,        +1.548722112001e-01,        +2.815182977865e-02
 3.75500000e+01,        +1.414213562373e-01,        +1.554496516054e-01,        +2.872676722583e-02,        +1.255936175354e-01,        -4.892905619494e-02,        +1.414213562373e-01,        +1.255936175354e-01,        -4.892905619494e-02,        +1.554480525323e-01,        +2.872615172474e-02
 3.85000000e+01,        +1.414213562373e-01,        +1.560375766195e-01,        +2.929206562538e-02,        +1.249244733289e-01,        -5.002515682059e-02,        +1.414213562373e-01,        +1.249244733289e-01,        -5.002515682059e-02,        +1.560358156017e-01,        +2.929152458889e-02
 3.94500000e+01,        +1.414213562373e-01,        +1.566373813792e-01,        +2.984820205899e-02,        +1.242410188662e-01,        -5.111367826558e-02,        +1.414213562373e-01,        +1.242410188662e-01,        -5.111367826557e-02,        +1.566354560855e-01,        +2.984774448578e-02
 4.04000000e+01,        +1.414213562373e-01,        +1.572490164389e-01,        +3.039497012540e-02,        +1.235432711673e-01,        -5.219445746800e-02,        +1.414213562373e-01,        +1.235432711673e-01,        -5.219445746799e-02,        +1.572469249200e-01,        +3.039460476154e-02
 4.13500000e+01,        +1.414213562373e-01,        +1.578724278549e-01,        +3.093216077879e-02,        +1.228312506718e-01,        -5.326732928427e-02,        +1.414213562373e-01,        +1.228312506718e-01,        -5.326732928426e-02,        +1.578701685122e-01,        +3.093189611579e-02
 4.23000000e+01,        +1.414213562373e-01,        +1.585075573513e-01,        +3.145956241021e-02,        +1.221049810405e-01,        -5.433212657460e-02,        +1.414213562373e-01,        +1.221049810405e-01,        -5.433212657459e-02,        +1.585051289088e-01,        +3.145940668567e-02
 4.32500000e+01,        +1.414213562373e-01,        +1.591543424458e-01,        +3.197696089971e-02,        +1.213644889957e-01,        -5.538868026103e-02,        +1.414213562373e-01,        +1.213644889957e-01,        -5.538868026102e-02,        +1.591517439249e-01,        +3.197692210039e-02
 4.42000000e+01,        +1.414213562373e-01,        +1.598127165401e-01,        +3.248413964686e-02,        +1.206098041975e-01,        -5.643681936462e-02,        +1.414213562373e-01,        +1.206098041975e-01,        -5.643681936461e-02,        +1.598099472362e-01,        +3.248422551331e-02
 4.51500000e+01,        +1.414213562373e-01,        +1.604826089759e-01,        +3.298087958471e-02,        +1.198409591513e-01,        -5.747637102751e-02,        +1.414213562373e-01,        +1.198409591513e-01,        -5.747637102750e-02,        +1.604796684377e-01,        +3.298109761746e-02
 4.61000000e+01,        +1.414213562373e-01,        +1.611639450619e-01,        +3.346695918261e-02,        +1.190579891452e-01,        -5.850716052422e-02,        +1.414213562373e-01,        +1.190579891452e-01,        -5.850716052421e-02,        +1.611608330731e-01,        +3.346731664931e-02
 4.70500000e+01,        +1.414213562373e-01,        +1.618566460727e-01,        +3.394215444109e-02,        +1.182609322135e-01,        -5.952901126639e-02,        +1.414213562373e-01,        +1.182609322135e-01,        -5.952901126638e-02,        +1.618533626350e-01,        +3.394265838457e-02
 4.80000000e+01,        +1.414213562373e-01,        +1.625606292240e-01,        +3.440623888246e-02,        +1.174498291225e-01,        -6.054174480350e-02,        +1.414213562373e-01,        +1.174498291225e-01,        -6.054174480349e-02,        +1.625571745422e-01,        +3.440689612939e-02
 4.89500000e+01,        +1.414213562373e-01,        +1.632758076251e-01,        +3.485898353947e-02,        +1.166247233784e-01,        -6.154518082261e-02,        +1.414213562373e-01,        +1.166247233784e-01,        -6.154518082260e-02,        +1.632721820940e-01,        +3.485980070940e-02
 4.99000000e+01,        +1.414213562373e-01,        +1.640020902121e-01,        +3.530015694425e-02,        +1.157856612521e-01,        -6.253913714867e-02,        +1.414213562373e-01,        +1.157856612521e-01,        -6.253913714866e-02,        +1.639982944045e-01,        +3.530114045895e-02
 5.08500000e+01,        +1.414213562373e-01,        +1.647393816635e-01,        +3.572952511903e-02,        +1.149326918212e-01,        -6.352342974742e-02,        +1.414213562373e-01,        +1.149326918212e-01,        -6.352342974741e-02,        +1.647354163195e-01,        +3.573068121206e-02
 5.18000000e+01,        +1.414213562373e-01,        +1.654875822995e-01,        +3.614685157024e-02,        +1.140658670257e-01,        -6.449787273208e-02,        +1.414213562373e-01,        +1.140658670257e-01,        -6.449787273207e-02,        +1.654834483174e-01,        +3.614818629648e-02
 5.27500000e+01,        +1.414213562373e-01,        +1.662465879681e-01,        +3.655189728707e-02,        +1.131852417361e-01,        -6.546227837462e-02,        +1.414213562373e-01,        +1.131852417361e-01,        -6.546227837462e-02,        +1.662422863961e-01,        +3.655341653225e-02
 5.37000000e+01,        +1.414213562373e-01,        +1.670162899176e-01,        +3.694442074514e-02,        +1.122908738320e-01,        -6.641645712307e-02,        +1.414213562373e-01,        +1.122908738320e-01,        -6.641645712307e-02,        +1.670118219469e-01,        +3.694613023527e-02
 5.46500000e+01,        +1.414213562373e-01,        +1.677965746592e-01,        +3.732417791631e-02,        +1.113828242906e-01,        -6.736021762483e-02,        +1.414213562373e-01,        +1.113828242906e-01,        -6.736021762483e-02,        +1.677919416176e-01,        +3.732608322693e-02
 5.56000000e+01,        +1.414213562373e-01,        +1.685873238190e-01,        +3.769092228493e-02,        +1.104611572826e-01,        -6.829336675717e-02,        +1.414213562373e-01,        +1.104611572825e-01,        -6.829336675716e-02,        +1.685825271656e-01,        +3.769302885008e-02
 5.65500000e+01,        +1.414213562373e-01,        +1.693884139815e-01,        +3.804440487122e-02,        +1.095259402744e-01,        -6.921570966471e-02,        +1.414213562373e-01,        +1.095259402744e-01,        -6.921570966471e-02,        +1.693834553019e-01,        +3.804671799223e-02
 5.75000000e+01,        +1.414213562373e-01,        +1.701997165250e-01,        +3.838437426193e-02,        +1.085772441372e-01,        -7.012704980482e-02,        +1.414213562373e-01,        +1.085772441372e-01,        -7.012704980482e-02,        +1.701945975281e-01,        +3.838689911582e-02
 5.84500000e+01,        +1.414213562373e-01,        +1.710210974511e-01,        +3.871057664861e-02,        +1.076151432587e-01,        -7.102718900077e-02,        +1.414213562373e-01,        +1.076151432586e-01,        -7.102718900077e-02,        +1.710158199656e-01,        +3.871331829615e-02
 5.94000000e+01,        +1.414213562373e-01,        +1.718524172073e-01,        +3.902275587392e-02,        +1.066397156604e-01,        -7.191592750290e-02,        +1.414213562373e-01,        +1.066397156603e-01,        -7.191592750289e-02,        +1.718469831791e-01,        +3.902571926734e-02
 6.03500000e+01,        +1.414213562373e-01,        +1.726935305045e-01,        +3.932065348578e-02,        +1.056510431163e-01,        -7.279306405818e-02,        +1.414213562373e-01,        +1.056510431163e-01,        -7.279306405817e-02,        +1.726879419952e-01,        +3.932384347608e-02
 6.13000000e+01,        +1.414213562373e-01,        +1.735442861305e-01,        +3.960400879994e-02,        +1.046492112746e-01,        -7.365839598802e-02,        +1.414213562373e-01,        +1.046492112746e-01,        -7.365839598801e-02,        +1.735385453154e-01,        +3.960743014377e-02
 6.22500000e+01,        +1.414213562373e-01,        +1.744045267587e-01,        +3.987255897072e-02,        +1.036343097795e-01,        -7.451171927460e-02,        +1.414213562373e-01,        +1.036343097795e-01,        -7.451171927459e-02,        +1.743986359266e-01,        +3.987621633686e-02
 6.32000000e+01,        +1.414213562373e-01,        +1.752740887541e-01,        +4.012603907028e-02,        +1.026064323949e-01,        -7.535282865566e-02,        +1.414213562373e-01,        +1.026064323949e-01,        -7.535282865565e-02,        +1.752680503060e-01,        +4.012993704565e-02
 6.41500000e+01,        +1.414213562373e-01,        +1.761528019754e-01,        +4.036418217638e-02,        +1.015656771273e-01,        -7.618151772790e-02,        +1.414213562373e-01,        +1.015656771273e-01,        -7.618151772789e-02,        +1.761466184251e-01,        +4.036832527159e-02
 6.51000000e+01,        +1.414213562373e-01,        +1.770404895757e-01,        +4.058671946876e-02,        +1.005121463483e-01,        -7.699757905907e-02,        +1.414213562373e-01,        +1.005121463483e-01,        -7.699757905906e-02,        +1.770341635497e-01,        +4.059111212324e-02
 6.60500000e+01,        +1.414213562373e-01,        +1.779369678003e-01,        +4.079338033414e-02,        +9.944594691582e-02,        -7.780080430861e-02,        +1.414213562373e-01,        +9.944594691580e-02,        -7.780080430860e-02,        +1.779305020385e-01,        +4.079802692074e-02
 6.70000000e+01,        +1.414213562373e-01,        +1.788420457832e-01,        +4.098389248005e-02,        +9.836719029370e-02,        -7.859098435711e-02,        +1.414213562373e-01,        +9.836719029369e-02,        -7.859098435710e-02,        +1.788354431399e-01,        +4.098879730928e-02
 6.79500000e+01,        +1.414213562373e-01,        +1.797555253422e-01,        +4.115798205740e-02,        +9.727599266904e-02,        -7.936790944437e-02,        +1.414213562373e-01,        +9.727599266903e-02,        -7.936790944437e-02,        +1.797487887872e-01,        +4.116314938108e-02
 6.89000000e+01,        +1.414213562373e-01,        +1.806772007734e-01,        +4.131537379201e-02,        +9.617247506654e-02,        -8.013136931629e-02,        +1.414213562373e-01,        +9.617247506653e-02,        -8.013136931629e-02,        +1.806703333935e-01,        +4.132080780654e-02
 6.98500000e+01,        +1.414213562373e-01,        +1.816068586443e-01,        +4.145579112495e-02,        +9.505676345969e-02,        -8.088115338047e-02,        +1.414213562373e-01,        +9.505676345968e-02,        -8.088115338046e-02,        +1.815998636447e-01,        +4.146149597406e-02
 7.08000000e+01,        +1.414213562373e-01,        +1.825442775874e-01,        +4.157895636197e-02,        +9.392898887805e-02,        -8.161705087056e-02,        +1.414213562373e-01,        +9.392898887804e-02,        -8.161705087055e-02,        +1.825371582939e-01,        +4.158493613904e-02
 7.17500000e+01,        +1.414213562373e-01,        +1.834892280938e-01,        +4.168459083199e-02,        +9.278928751020e-02,        -8.233885101944e-02,        +1.414213562373e-01,        +9.278928751018e-02,        -8.233885101943e-02,        +1.834819879545e-01,        +4.169084958187e-02
 7.27000000e+01,        +1.414213562373e-01,        +1.844414723066e-01,        +4.177241505463e-02,        +9.163780080177e-02,        -8.304634324104e-02,        +1.414213562373e-01,        +9.163780080176e-02,        -8.304634324103e-02,        +1.844341148941e-01,        +4.177895677505e-02
 7.36500000e+01,        +1.414213562373e-01,        +1.854007638154e-01,        +4.184214891702e-02,        +9.047467554813e-02,        -8.373931732102e-02,        +1.414213562373e-01,        +9.047467554812e-02,        -8.373931732101e-02,        +1.853932928291e-01,        +4.184897755950e-02
 7.46000000e+01,        +1.414213562373e-01,        +1.863668474519e-01,        +4.189351185973e-02,        +8.930006398110e-02,        -8.441756361607e-02,        +1.414213562373e-01,        +8.930006398110e-02,        -8.441756361606e-02,        +1.863592667203e-01,        +4.190063133006e-02
 7.55500000e+01,        +1.414213562373e-01,        +1.873394590865e-01,        +4.192622307200e-02,        +8.811412384918e-02,        -8.508087326204e-02,        +1.414213562373e-01,        +8.811412384917e-02,        -8.508087326203e-02,        +1.873317725695e-01,        +4.193363723031e-02
 7.65000000e+01,        +1.414213562373e-01,        +1.883183254263e-01,        +4.194000169636e-02,        +8.691701849075e-02,        -8.572903839051e-02,        +1.414213562373e-01,        +8.691701849073e-02,        -8.572903839050e-02,        +1.883105372180e-01,        +4.194771435670e-02
 7.74500000e+01,        +1.414213562373e-01,        +1.893031638158e-01,        +4.193456704251e-02,        +8.570891689965e-02,        -8.636185235415e-02,        +1.414213562373e-01,        +8.570891689964e-02,        -8.636185235414e-02,        +1.892952781466e-01,        +4.194258197204e-02
 7.84000000e+01,        +1.414213562373e-01,        +1.902936820388e-01,        +4.190963881061e-02,        +8.448999378262e-02,        -8.697910996046e-02,        +1.414213562373e-01,        +8.448999378261e-02,        -8.697910996044e-02,        +1.902857032780e-01,        +4.191795972836e-02
 7.93500000e+01,        +1.414213562373e-01,        +1.912895781232e-01,        +4.186493732405e-02,        +8.326042960786e-02,        -8.758060771395e-02,        +1.414213562373e-01,        +8.326042960785e-02,        -8.758060771394e-02,        +1.912815107818e-01,        +4.187356789922e-02
 8.03000000e+01,        +1.414213562373e-01,        +1.922905401490e-01,        +4.180018377146e-02,        +8.202041064425e-02,        -8.816614406670e-02,        +1.414213562373e-01,        +8.202041064424e-02,        -8.816614406669e-02,        +1.922823888818e-01,        +4.180912762147e-02
 8.12500000e+01,        +1.414213562373e-01,        +1.932962460589e-01,        +4.171510045841e-02,        +8.077012899047e-02,        -8.873551967695e-02,        +1.414213562373e-01,        +8.077012899046e-02,        -8.873551967694e-02,        +1.932880156672e-01,        +4.172436114636e-02
 8.22000000e+01,        +1.414213562373e-01,        +1.943063634720e-01,        +4.160941106828e-02,        +7.950978259349e-02,        -8.928853767582e-02,        +1.414213562373e-01,        +7.950978259348e-02,        -8.928853767580e-02,        +1.942980589059e-01,        +4.161899210014e-02
 8.31500000e+01,        +1.414213562373e-01,        +1.953205495023e-01,        +4.148284093269e-02,        +7.823957525560e-02,        -8.982500394177e-02,        +1.414213562373e-01,        +7.823957525559e-02,        -8.982500394175e-02,        +1.953121758630e-01,        +4.149274575406e-02
 8.41000000e+01,        +1.414213562373e-01,        +1.963384505801e-01,        +4.133511731114e-02,        +7.695971662946e-02,        -9.034472738275e-02,        +1.414213562373e-01,        +7.695971662945e-02,        -9.034472738273e-02,        +1.963300131222e-01,        +4.134534930374e-02
 8.50500000e+01,        +1.414213562373e-01,        +1.973597022784e-01,        +4.116596968018e-02,        +7.567042220036e-02,        -9.084752022558e-02,        +1.414213562373e-01,        +7.567042220034e-02,        -9.084752022557e-02,        +1.973512064118e-01,        +4.117653215782e-02
 8.60000000e+01,        +1.414213562373e-01,        +1.983839291435e-01,        +4.097513003160e-02,        +7.437191325495e-02,        -9.133319831262e-02,        +1.414213562373e-01,        +7.437191325494e-02,        -9.133319831261e-02,        +1.983753804357e-01,        +4.098602623594e-02
 8.69500000e+01,        +1.414213562373e-01,        +1.994107445305e-01,        +4.076233317996e-02,        +7.306441683585e-02,        -9.180158140496e-02,        +1.414213562373e-01,        +7.306441683584e-02,        -9.180158140494e-02,        +1.994021487085e-01,        +4.077356627586e-02
 8.79000000e+01,        +1.414213562373e-01,        +2.004397504445e-01,        +4.052731707907e-02,        +7.174816568112e-02,        -9.225249349223e-02,        +1.414213562373e-01,        +7.174816568111e-02,        -9.225249349222e-02,        +2.004311133962e-01,        +4.053889014964e-02
 8.88500000e+01,        +1.414213562373e-01,        +2.014705373865e-01,        +4.026982314759e-02,        +7.042339814807e-02,        -9.268576310837e-02,        +1.414213562373e-01,        +7.042339814806e-02,        -9.268576310836e-02,        +2.014618651626e-01,        +4.028173918888e-02
 8.98000000e+01,        +1.414213562373e-01,        +2.025026842057e-01,        +3.998959660329e-02,        +6.909035812048e-02,        -9.310122365296e-02,        +1.414213562373e-01,        +6.909035812047e-02,        -9.310122365295e-02,        +2.024939830208e-01,        +4.000185851873e-02
 9.07500000e+01,        +1.414213562373e-01,        +2.035357579570e-01,        +3.968638680618e-02,        +6.774929489847e-02,        -9.349871371772e-02,        +1.414213562373e-01,        +6.774929489846e-02,        -9.349871371770e-02,        +2.035270341911e-01,        +3.969899740065e-02
 9.17000000e+01,        +1.414213562373e-01,        +2.045693137653e-01,        +3.935994761004e-02,        +6.640046307013e-02,        -9.387807741753e-02,        +1.414213562373e-01,        +6.640046307012e-02,        -9.387807741752e-02,        +2.045605739644e-01,        +3.937290958371e-02
 9.26500000e+01,        +1.414213562373e-01,        +2.056028946958e-01,        +3.901003772237e-02,        +6.504412236416e-02,        -9.423916472563e-02,        +1.414213562373e-01,        +6.504412236415e-02,        -9.423916472562e-02,        +2.055941455733e-01,        +3.902335366421e-02
 9.36000000e+01,        +1.414213562373e-01,        +2.066360316312e-01,        +3.863642107246e-02,        +6.368053748264e-02,        -9.458183181198e-02,        +1.414213562373e-01,        +6.368053748263e-02,        -9.458183181196e-02,        +2.066272800680e-01,        +3.865009345353e-02
 9.45500000e+01,        +1.414213562373e-01,        +2.076682431554e-01,        +3.823886718755e-02,        +6.230997791308e-02,        -9.490594138449e-02,        +1.414213562373e-01,        +6.230997791308e-02,        -9.490594138447e-02,        +2.076594962002e-01,        +3.825289835395e-02
 9.55000000e+01,        +1.414213562373e-01,        +2.086990354441e-01,        +3.781715157651e-02,        +6.093271771882e-02,        -9.521136303218e-02,        +1.414213562373e-01,        +6.093271771881e-02,        -9.521136303216e-02,        +2.086903003137e-01,        +3.783154374219e-02
 9.64500000e+01,        +1.414213562373e-01,        +2.097279021621e-01,        +3.737105612122e-02,        +5.954903530698e-02,        -9.549797356946e-02,        +1.414213562373e-01,        +5.954903530696e-02,        -9.549797356944e-02,        +2.097191862413e-01,        +3.738581136044e-02
 9.74000000e+01,        +1.414213562373e-01,        +2.107543243686e-01,        +3.690036947509e-02,        +5.815921317300e-02,        -9.576565738082e-02,        +1.414213562373e-01,        +5.815921317299e-02,        -9.576565738080e-02,        +2.107456352093e-01,        +3.691548971473e-02
 9.83500000e+01,        +1.414213562373e-01,        +2.117777704283e-01,        +3.640488746866e-02,        +5.676353762103e-02,        -9.601430676477e-02,        +1.414213562373e-01,        +5.676353762103e-02,        -9.601430676476e-02,        +2.117691157493e-01,        +3.642037448027e-02
 9.93000000e+01,        +1.414213562373e-01,        +2.127976959304e-01,        +3.588441352187e-02,        +5.536229845901e-02,        -9.624382227632e-02,        +1.414213562373e-01,        +5.536229845901e-02,        -9.624382227630e-02,        +2.127890836159e-01,        +3.590026891355e-02
 1.00250000e+02,        +1.414213562373e-01,        +2.138135436143e-01,        +3.533875906298e-02,        +5.395578866778e-02,        -9.645411306661e-02,        +1.414213562373e-01,        +5.395578866777e-02,        -9.645411306659e-02,        +2.138049817128e-01,        +3.535498427095e-02
 1.01200000e+02,        +1.414213562373e-01,        +2.148247433024e-01,        +3.476774395350e-02,        +5.254430404319e-02,        -9.664509721887e-02,        +1.414213562373e-01,        +5.254430404318e-02,        -9.664509721886e-02,        +2.148162400251e-01,        +3.478434023368e-02
 1.02150000e+02,        +1.414213562373e-01,        +2.158307118392e-01,        +3.417119691931e-02,        +5.112814281039e-02,        -9.681670207930e-02,        +1.414213562373e-01,        +5.112814281038e-02,        -9.681670207928e-02,        +2.158222755580e-01,        +3.418816533854e-02
 1.03100000e+02,        +1.414213562373e-01,        +2.168308530378e-01,        +3.354895598744e-02,        +4.970760520928e-02,        -9.696886458155e-02,        +1.414213562373e-01,        +4.970760520927e-02,        -9.696886458152e-02,        +2.168224922826e-01,        +3.356629741461e-02
 1.04050000e+02,        +1.414213562373e-01,        +2.178245576314e-01,        +3.290086892824e-02,        +4.828299305034e-02,        -9.710153156363e-02,        +1.414213562373e-01,        +4.828299305034e-02,        -9.710153156361e-02,        +2.178162810880e-01,        +3.291858402532e-02
 1.05000000e+02,        +1.414213562373e-01,        +2.188112032315e-01,        +3.222679370316e-02,        +4.685460923988e-02,        -9.721466007555e-02,        +1.414213562373e-01,        +4.685460923987e-02,        -9.721466007553e-02,        +2.188030197383e-01,        +3.224488291589e-02
 1.05950000e+02,        +1.414213562373e-01,        +2.197901542920e-01,        +3.152659891727e-02,        +4.542275727383e-02,        -9.730821767623e-02,        +1.414213562373e-01,        +4.542275727382e-02,        -9.730821767620e-02,        +2.197820728364e-01,        +3.154506246602e-02
 1.06900000e+02,        +1.414213562373e-01,        +2.207607620770e-01,        +3.080016427700e-02,        +4.398774069914e-02,        -9.738218271809e-02,        +1.414213562373e-01,        +4.398774069914e-02,        -9.738218271807e-02,        +2.207527917921e-01,        +3.081900214722e-02
 1.07850000e+02,        +1.414213562373e-01,        +2.217223646339e-01,        +3.004738105273e-02,        +4.254986254217e-02,        -9.743654461747e-02,        +1.414213562373e-01,        +4.254986254216e-02,        -9.743654461744e-02,        +2.217145147941e-01,        +3.006659298546e-02
 1.08800000e+02,        +1.414213562373e-01,        +2.226742867706e-01,        +2.926815254605e-02,        +4.110942470268e-02,        -9.747130410902e-02,        +1.414213562373e-01,        +4.110942470268e-02,        -9.747130410900e-02,        +2.226665667869e-01,        +2.928773802824e-02
 1.09750000e+02,        +1.414213562373e-01,        +2.236158400344e-01,        +2.846239456197e-02,        +3.966672731323e-02,        -9.748647348224e-02,        +1.414213562373e-01,        +3.966672731323e-02,        -9.748647348222e-02,        +2.236082594500e-01,        +2.848235281676e-02
 1.10700000e+02,        +1.414213562373e-01,        +2.245463226948e-01,        +2.763003588595e-02,        +3.822206806260e-02,        -9.748207679788e-02,        +1.414213562373e-01,        +3.822206806260e-02,        -9.748207679786e-02,        +2.245388911792e-01,        +2.765036586287e-02
 1.11650000e+02,        +1.414213562373e-01,        +2.254650197262e-01,        +2.677101876598e-02,        +3.677574148271e-02,        -9.745815008217e-02,        +1.414213562373e-01,        +3.677574148270e-02,        -9.745815008214e-02,        +2.254577470697e-01,        +2.679171913100e-02
 1.12600000e+02,        +1.414213562373e-01,        +2.263712027917e-01,        +2.588529939999e-02,        +3.532803819817e-02,        -9.741474149645e-02,        +1.414213562373e-01,        +3.532803819817e-02,        -9.741474149643e-02,        +2.263640988991e-01,        +2.590636852560e-02
 1.13550000e+02,        +1.414213562373e-01,        +2.272641302256e-01,        +2.497284842883e-02,        +3.387924413764e-02,        -9.735191147980e-02,        +1.414213562373e-01,        +3.387924413763e-02,        -9.735191147978e-02,        +2.272572051097e-01,        +2.499428438406e-02
 1.14500000e+02,        +1.414213562373e-01,        +2.281430470143e-01,        +2.403365143554e-02,        +3.242963970628e-02,        -9.726973286197e-02,        +1.414213562373e-01,        +3.242963970627e-02,        -9.726973286195e-02,        +2.281363107888e-01,        +2.405545197587e-02
 1.15450000e+02,        +1.414213562373e-01,        +2.290071847733e-01,        +2.306770945129e-02,        +3.097949891851e-02,        -9.716829094396e-02,        +1.414213562373e-01,        +3.097949891851e-02,        -9.716829094394e-02,        +2.290006476453e-01,        +2.308987200857e-02
 1.16400000e+02,        +1.414213562373e-01,        +2.298557617202e-01,        +2.207503946889e-02,        +2.952908849046e-02,        -9.704768354317e-02,        +1.414213562373e-01,        +2.952908849045e-02,        -9.704768354315e-02,        +2.298494339822e-01,        +2.209756114127e-02
 1.17350000e+02,        +1.414213562373e-01,        +2.306879826406e-01,        +2.105567496486e-02,        +2.807866689120e-02,        -9.690802100022e-02,        +1.414213562373e-01,        +2.807866689120e-02,        -9.690802100020e-02,        +2.306818746619e-01,        +2.107855250662e-02
 1.18300000e+02,        +1.414213562373e-01,        +2.315030388465e-01,        +2.000966643121e-02,        +2.662848335247e-02,        -9.674942614388e-02,        +1.414213562373e-01,        +2.662848335247e-02,        -9.674942614386e-02,        +2.314971610646e-01,        +2.003289624265e-02
 1.19250000e+02,        +1.414213562373e-01,        +2.323001081254e-01,        +1.893708191829e-02,        +2.517877683589e-02,        -9.657203421085e-02,        +1.414213562373e-01,        +2.517877683588e-02,        -9.657203421083e-02,        +2.322944710363e-01,        +1.896066003559e-02
 1.20200000e+02,        +1.414213562373e-01,        +2.330783546771e-01,        +1.783800759042e-02,        +2.372977495736e-02,        -9.637599271644e-02,        +1.414213562373e-01,        +2.372977495735e-02,        -9.637599271642e-02,        +2.330729688256e-01,        +1.786192967551e-02
 1.21150000e+02,        +1.414213562373e-01,        +2.338369290382e-01,        +1.671254829606e-02,        +2.228169286795e-02,        -9.616146127243e-02,        +1.414213562373e-01,        +2.228169286795e-02,        -9.616146127241e-02,        +2.338318050071e-01,        +1.673680962655e-02
 1.22100000e+02,        +1.414213562373e-01,        +2.345749679903e-01,        +1.556082815514e-02,        +2.083473209099e-02,        -9.592861134760e-02,        +1.414213562373e-01,        +2.083473209098e-02,        -9.592861134757e-02,        +2.345701163900e-01,        +1.558542361413e-02
 1.23050000e+02,        +1.414213562373e-01,        +2.352915944516e-01,        +1.438299116554e-02,        +1.938907931459e-02,        -9.567762596665e-02,        +1.414213562373e-01,        +1.938907931458e-02,        -9.567762596662e-02,        +2.352870259083e-01,        +1.440791523164e-02
 1.24000000e+02,        +1.414213562373e-01,        +2.359859173485e-01,        +1.317920183221e-02,        +1.794490513968e-02,        -9.540869934261e-02,        +1.414213562373e-01,        +1.794490513968e-02,        -9.540869934258e-02,        +2.359816424919e-01,        +1.320444856948e-02
 1.24950000e+02,        +1.414213562373e-01,        +2.366570314653e-01,        +1.194964582204e-02,        +1.650236278295e-02,        -9.512203643741e-02,        +1.414213562373e-01,        +1.650236278295e-02,        -9.512203643739e-02,        +2.366530609165e-01,        +1.197520886998e-02
 1.25900000e+02,        +1.414213562373e-01,        +2.373040172708e-01,        +1.069453064830e-02,        +1.506158673465e-02,        -9.481785244542e-02,        +1.414213562373e-01,        +1.506158673465e-02,        -9.481785244540e-02,        +2.373003616288e-01,        +1.072040321187e-02
 1.26850000e+02,        +1.414213562373e-01,        +2.379259407174e-01,        +9.414086388991e-03,        +1.362269137112e-02,        -9.449637219363e-02,        +1.414213562373e-01,        +1.362269137112e-02,        -9.449637219361e-02,        +2.379226105455e-01,        +9.440261228761e-03
 1.27800000e+02,        +1.414213562373e-01,        +2.385218530131e-01,        +8.108566444119e-03,        +1.218576952221e-02,        -9.415782945241e-02,        +1.414213562373e-01,        +1.218576952221e-02,        -9.415782945239e-02,        +2.385188588244e-01,        +8.135035866346e-03
 1.28750000e+02,        +1.414213562373e-01,        +2.390907903619e-01,        +6.778248337166e-03,        +1.075089099362e-02,        -9.380246614971e-02,        +1.414213562373e-01,        +1.075089099362e-02,        -9.380246614968e-02,        +2.390881426040e-01,        +6.805004184003e-03
 1.29700000e+02,        +1.414213562373e-01,        +2.396317736717e-01,        +5.423434567064e-03,        +9.318101044727e-03,        -9.343053148144e-02,        +1.414213562373e-01,        +9.318101044726e-03,        -9.343053148141e-02,        +2.396294827115e-01,        +5.450468206841e-03
 1.30650000e+02,        +1.414213562373e-01,        +2.401438082276e-01,        +4.044453517467e-03,        +7.887418822309e-03,        -9.304228091000e-02,        +1.414213562373e-01,        +7.887418822309e-03,        -9.304228090997e-02,        +2.401418843344e-01,        +4.071755834948e-03
 1.31600000e+02,        +1.414213562373e-01,        +2.406258833283e-01,        +2.641660430946e-03,        +6.458835751171e-03,        -9.263797504223e-02,        +1.414213562373e-01,        +6.458835751172e-03,        -9.263797504221e-02,        +2.406243366568e-01,        +2.669221817736e-03
 1.32550000e+02,        +1.414213562373e-01,        +2.410769718841e-01,        +1.215438456795e-03,        +5.032313882773e-03,        -9.221787837745e-02,        +1.414213562373e-01,        +5.032313882773e-03,        -9.221787837742e-02,        +2.410758124565e-01,        +1.243248801776e-03
 1.33500000e+02,        +1.414213562373e-01,        +2.414960299751e-01,        -2.338002183611e-04,        +3.607784203246e-03,        -9.178225791547e-02,        +1.414213562373e-01,        +3.607784203247e-03,        -9.178225791544e-02,        +2.414952676625e-01,        -2.057515385062e-04
 1.34450000e+02,        +1.414213562373e-01,        +2.418819963694e-01,        -1.705613146430e-03,        +2.185144902908e-03,        -9.133138161350e-02,        +1.414213562373e-01,        +2.185144902910e-03,        -9.133138161347e-02,        +2.418816408720e-01,        -1.677337276625e-03
 1.35400000e+02,        +1.414213562373e-01,        +2.422337919987e-01,        -3.199526288662e-03,        +7.642596096454e-04,        -9.086551668004e-02,        +1.414213562373e-01,        +7.642596096486e-04,        -9.086551668000e-02,        +2.422338528255e-01,        -3.171034904760e-03
 1.36350000e+02,        +1.414213562373e-01,        +2.425503193937e-01,        -4.715032568737e-03,        -6.550444108937e-04,        -9.038492769270e-02,        +1.414213562373e-01,        -6.550444108914e-04,        -9.038492769268e-02,        +2.425508058410e-01,        -4.686337886713e-03
 1.37300000e+02,        +1.414213562373e-01,        +2.428304620782e-01,        -6.251590293858e-03,        -2.072978084460e-03,        -8.988987452611e-02,        +1.414213562373e-01,        -2.072978084457e-03,        -8.988987452608e-02,        +2.428313832071e-01,        -6.222705078939e-03
 1.38250000e+02,        +1.414213562373e-01,        +2.430730839239e-01,        -7.808621428450e-03,        -3.489792382152e-03,        -8.938061007409e-02,        +1.414213562373e-01,        -3.489792382147e-03,        -8.938061007406e-02,        +2.430744485371e-01,        -7.779559004113e-03
 1.39200000e+02,        +1.414213562373e-01,        +2.432770284687e-01,        -9.385509703355e-03,        -4.905780193545e-03,        -8.885737774996e-02,        +1.414213562373e-01,        -4.905780193540e-03,        -8.885737774993e-02,        +2.432788450855e-01,        -9.356283960171e-03
 1.40150000e+02,        +1.414213562373e-01,        +2.434411182015e-01,        -1.098159854197e-02,        -6.321278212379e-03,        -8.832040874659e-02,        +1.414213562373e-01,        -6.321278212374e-03,        -8.832040874656e-02,        +2.434433950323e-01,        -1.095222394632e-02
 1.41100000e+02,        +1.414213562373e-01,        +2.435641538189e-01,        -1.259618878285e-02,        -7.736668826511e-03,        -8.776991903657e-02,        +1.414213562373e-01,        -7.736668826505e-03,        -8.776991903654e-02,        +2.435668987380e-01,        -1.256668038542e-02
 1.42050000e+02,        +1.414213562373e-01,        +2.436449134609e-01,        -1.422853617646e-02,        -9.152382002451e-03,        -8.720610609121e-02,        +1.414213562373e-01,        -9.152382002444e-03,        -8.720610609117e-02,        +2.436481339775e-01,        -1.419890962057e-02
 1.43000000e+02,        +1.414213562373e-01,        +2.436821519323e-01,        -1.587784863192e-02,        -1.056889715284e-02,        -8.662914529525e-02,        +1.414213562373e-01,        -1.056889715283e-02,        -8.662914529521e-02,        +2.436858551611e-01,        -1.584812016157e-02
 1.43950000e+02,        +1.414213562373e-01,        +2.436745999237e-01,        -1.754328318726e-02,        -1.198674497280e-02,        -8.603918603217e-02,        +1.414213562373e-01,        -1.198674497279e-02,        -8.603918603214e-02,        +2.436787925528e-01,        -1.751346965489e-02
 1.44900000e+02,        +1.414213562373e-01,        +2.436209632432e-01,        -1.922394267465e-02,        -1.340650922878e-02,        -8.543634741310e-02,        +1.414213562373e-01,        -1.340650922877e-02,        -8.543634741306e-02,        +2.436256515008e-01,        -1.919406154852e-02
 1.45850000e+02,        +1.414213562373e-01,        +2.435199220768e-01,        -2.091887204971e-02,        -1.482882848012e-02,        -8.482071362004e-02,        +1.414213562373e-01,        -1.482882848011e-02,        -8.482071362001e-02,        +2.435251116958e-01,        -2.088894142091e-02
 1.46800000e+02,        +1.414213562373e-01,        +2.433701302974e-01,        -2.262705435156e-02,        -1.625439771013e-02,        -8.419232883206e-02,        +1.414213562373e-01,        -1.625439771012e-02,        -8.419232883203e-02,        +2.433758264783e-01,        -2.259709294048e-02
 1.47750000e+02,        +1.414213562373e-01,        +2.431702148480e-01,        -2.434740625792e-02,        -1.768396983930e-02,        -8.355119170077e-02,        +1.414213562373e-01,        -1.768396983929e-02,        -8.355119170073e-02,        +2.431764222191e-01,        -2.431743342012e-02
 1.48700000e+02,        +1.414213562373e-01,        +2.429187752276e-01,        -2.607877319702e-02,        -1.911835708837e-02,        -8.289724933902e-02,        +1.414213562373e-01,        -1.911835708836e-02,        -8.289724933898e-02,        +2.429254978032e-01,        -2.604880892836e-02
 1.49650000e+02,        +1.414213562373e-01,        +2.426143831163e-01,        -2.781992397566e-02,        -2.055843215313e-02,        -8.223039078461e-02,        +1.414213562373e-01,        -2.055843215312e-02,        -8.223039078457e-02,        +2.426216242527e-01,        -2.778998891664e-02
 1.50600000e+02,        +1.414213562373e-01,        +2.422555821818e-01,        -2.956954488052e-02,        -2.200512914682e-02,        -8.155043989859e-02,        +1.414213562373e-01,        -2.200512914681e-02,        -8.155043989855e-02,        +2.422633445296e-01,        -2.953966031954e-02
 1.51550000e+02,        +1.414213562373e-01,        +2.418408881165e-01,        -3.132623320741e-02,        -2.345944425770e-02,        -8.085714765557e-02,        +1.414213562373e-01,        -2.345944425768e-02,        -8.085714765553e-02,        +2.418491735707e-01,        -3.129642108284e-02
 1.52500000e+02,        +1.414213562373e-01,        +2.413687889639e-01,        -3.308849017164e-02,        -2.492243606135e-02,        -8.015018378193e-02,        +1.414213562373e-01,        -2.492243606134e-02,        -8.015018378189e-02,        +2.413775986110e-01,        -3.305877307243e-02
 1.53450000e+02,        +1.414213562373e-01,        +2.408377458053e-01,        -3.485471315077e-02,        -2.639522541682e-02,        -7.942912769626e-02,        +1.414213562373e-01,        -2.639522541680e-02,        -7.942912769622e-02,        +2.408470798661e-01,        -3.482511431545e-02
 1.54400000e+02,        +1.414213562373e-01,        +2.402461938838e-01,        -3.662318721065e-02,        -2.787899486436e-02,        -7.869345870578e-02,        +1.414213562373e-01,        -2.787899486435e-02,        -7.869345870574e-02,        +2.402560516535e-01,        -3.659373052419e-02
 1.55350000e+02,        +1.414213562373e-01,        +2.395925442630e-01,        -3.839207586518e-02,        -2.937498742978e-02,        -7.794254541256e-02,        +1.414213562373e-01,        -2.937498742976e-02,        -7.794254541251e-02,        +2.396029240471e-01,        -3.836278585365e-02
 1.56300000e+02,        +1.414213562373e-01,        +2.388751861267e-01,        -4.015941102158e-02,        -3.088450472474e-02,        -7.717563428417e-02,        +1.414213562373e-01,        -3.088450472472e-02,        -7.717563428413e-02,        +2.388860851727e-01,        -4.013031284387e-02
 1.57250000e+02,        +1.414213562373e-01,        +2.380924898476e-01,        -4.192308206513e-02,        -3.240890421661e-02,        -7.639183734651e-02,        +1.414213562373e-01,        -3.240890421658e-02,        -7.639183734646e-02,        +2.381039042719e-01,        -4.189420150165e-02
 1.58200000e+02,        +1.414213562373e-01,        +2.372428109676e-01,        -4.368082404213e-02,        -3.394959552137e-02,        -7.559011896028e-02,        +1.414213562373e-01,        -3.394959552135e-02,        -7.559011896024e-02,        +2.372547356790e-01,        -4.365218747946e-02
 1.59150000e+02,        +1.414213562373e-01,        +2.363244952595e-01,        -4.543020490571e-02,        -3.550803555277e-02,        -7.476928164980e-02,        +1.414213562373e-01,        -3.550803555275e-02,        -7.476928164976e-02,        +2.363369238763e-01,        -4.540183931711e-02
 1.60100000e+02,        +1.414213562373e-01,        +2.353358850574e-01,        -4.716861179963e-02,        -3.708572233646e-02,        -7.392795096200e-02,        +1.414213562373e-01,        -3.708572233644e-02,        -7.392795096195e-02,        +2.353488098209e-01,        -4.714054472026e-02
 1.61050000e+02,        +1.414213562373e-01,        +2.342753270752e-01,        -4.889323636749e-02,        -3.868418727219e-02,        -7.306455934705e-02,        +1.414213562373e-01,        -3.868418727217e-02,        -7.306455934701e-02,        +2.342887387565e-01,        -4.886549586378e-02
 1.62000000e+02,        +1.414213562373e-01,        +2.331411819570e-01,        -5.060105909329e-02,        -4.030498559835e-02,        -7.217732906959e-02,        +1.414213562373e-01,        -4.030498559832e-02,        -7.217732906954e-02,        +2.331550697596e-01,        -5.057367372543e-02
 1.62950000e+02,        +1.414213562373e-01,        +2.319318358382e-01,        -5.228883270206e-02,        -4.194968478196e-02,        -7.126425418274e-02,        +1.414213562373e-01,        -4.194968478193e-02,        -7.126425418270e-02,        +2.319461872943e-01,        -5.226183147866e-02
 1.63900000e+02,        +1.414213562373e-01,        +2.306457142250e-01,        -5.395306467950e-02,        -4.361985052430e-02,        -7.032308162738e-02,        +1.414213562373e-01,        -4.361985052426e-02,        -7.032308162734e-02,        +2.306605150867e-01,        -5.392647700316e-02
 1.64850000e+02,        +1.414213562373e-01,        +2.292812985409e-01,        -5.558999900749e-02,        -4.531703003745e-02,        -6.935129155662e-02,        +1.414213562373e-01,        -4.531703003742e-02,        -6.935129155658e-02,        +2.292965326657e-01,        -5.556385461006e-02
 1.65800000e+02,        +1.414213562373e-01,        +2.278371457183e-01,        -5.719559726010e-02,        -4.704273221141e-02,        -6.834607703353e-02,        +1.414213562373e-01,        -4.704273221137e-02,        -6.834607703348e-02,        +2.278527949495e-01,        -5.716992612612e-02
 1.66750000e+02,        +1.414213562373e-01,        +2.263119112538e-01,        -5.876551926347e-02,        -4.879840425572e-02,        -6.730432330856e-02,        +1.414213562373e-01,        -4.879840425569e-02,        -6.730432330852e-02,        +2.263279552961e-01,        -5.874035154023e-02
 1.67700000e+02,        +1.414213562373e-01,        +2.247043761773e-01,        -6.029510359531e-02,        -5.058540436609e-02,        -6.622258695572e-02,        +1.414213562373e-01,        -5.058540436606e-02,        -6.622258695568e-02,        +2.247207924680e-01,        -6.027046948774e-02
 1.68650000e+02,        +1.414213562373e-01,        +2.230134784164e-01,        -6.177934828690e-02,        -5.240496993616e-02,        -6.509707523312e-02,        +1.414213562373e-01,        -5.240496993612e-02,        -6.509707523307e-02,        +2.230302419932e-01,        -6.175527793544e-02
 1.69600000e+02,        +1.414213562373e-01,        +2.212383490600e-01,        -6.321289219517e-02,        -5.425818081142e-02,        -6.392362613848e-02,        +1.414213562373e-01,        -5.425818081138e-02,        -6.392362613844e-02,        +2.212554324262e-01,        -6.318941553440e-02
 1.70550000e+02,        +1.414213562373e-01,        +2.193783540390e-01,        -6.458999763569e-02,        -5.614591706947e-02,        -6.269768975352e-02,        +1.414213562373e-01,        -5.614591706942e-02,        -6.269768975347e-02,        +2.193957270281e-01,        -6.456714423178e-02
 1.71500000e+02,        +1.414213562373e-01,        +2.174331417392e-01,        -6.590453501244e-02,        -5.806881081237e-02,        -6.141431161518e-02,        +1.414213562373e-01,        -5.806881081232e-02,        -6.141431161514e-02,        +2.174507713801e-01,        -6.588233387683e-02
 1.72450000e+02,        +1.414213562373e-01,        +2.154026970399e-01,        -6.714997034606e-02,        -6.002719148047e-02,        -6.006811901865e-02,        +1.414213562373e-01,        -6.002719148042e-02,        -6.006811901861e-02,        +2.154205474256e-01,        -6.712844972319e-02
 1.73400000e+02,        +1.414213562373e-01,        +2.132874022197e-01,        -6.831935679147e-02,        -6.202102424752e-02,        -5.865331134494e-02,        +1.414213562373e-01,        -6.202102424748e-02,        -5.865331134491e-02,        +2.133054343819e-01,        -6.829854391805e-02
 1.74350000e+02,        +1.414213562373e-01,        +2.110881050830e-01,        -6.940533144578e-02,        -6.404984114536e-02,        -5.716365571670e-02,        +1.414213562373e-01,        -6.404984114531e-02,        -5.716365571666e-02,        +2.111062768767e-01,        -6.938525227934e-02
 1.75300000e+02,        +1.414213562373e-01,        +2.088061945272e-01,        -7.040011897611e-02,        -6.611266470043e-02,        -5.559248951384e-02,        +1.414213562373e-01,        -6.611266470039e-02,        -5.559248951381e-02,        +2.088244605290e-01,        -7.038079789057e-02
 1.76250000e+02,        +1.414213562373e-01,        +2.064436835771e-01,        -7.129554383922e-02,        -6.820792405814e-02,        -5.393273152324e-02,        +1.414213562373e-01,        -6.820792405808e-02,        -5.393273152320e-02,        +2.064619950027e-01,        -7.127700328557e-02
 1.77200000e+02,        +1.414213562373e-01,        +2.040032996492e-01,        -7.208305311126e-02,        -7.033336383374e-02,        -5.217690374252e-02,        +1.414213562373e-01,        -7.033336383367e-02,        -5.217690374248e-02,        +2.040216042959e-01,        -7.206531324188e-02
 1.78150000e+02,        +1.414213562373e-01,        +2.014885814618e-01,        -7.275375218423e-02,        -7.248594627680e-02,        -5.031716609699e-02,        +1.414213562373e-01,        -7.248594627675e-02,        -5.031716609695e-02,        +2.015068236826e-01,        -7.273683044005e-02
 1.79100000e+02,        +1.414213562373e-01,        +1.989039815634e-01,        -7.329845579726e-02,        -7.466174777905e-02,        -4.834536653925e-02,        +1.414213562373e-01,        -7.466174777898e-02,        -4.834536653921e-02,        +1.989221022807e-01,        -7.328236645777e-02
 1.80050000e+02,        +1.414213562373e-01,        +1.962549729003e-01,        -7.370775703116e-02,        -7.685585130567e-02,        -4.625310916198e-02,        +1.414213562373e-01,        -7.685585130561e-02,        -4.625310916194e-02,        +1.962729096683e-01,        -7.369251072833e-02
 1.81000000e+02,        +1.414213562373e-01,        +1.935481571835e-01,        -7.397211697155e-02,        -7.906223699464e-02,        -4.403184303116e-02,        +1.414213562373e-01,        -7.906223699458e-02,        -4.403184303113e-02,        +1.935658443083e-01,        -7.395772017044e-02
 1.81950000e+02,        +1.414213562373e-01,        +1.907913720355e-01,        -7.408197770231e-02,        -8.127367394458e-02,        -4.167297440317e-02,        +1.414213562373e-01,        -8.127367394452e-02,        -4.167297440314e-02,        +1.908087407627e-01,        -7.406843215267e-02
 1.82900000e+02,        +1.414213562373e-01,        +1.879937930156e-01,        -7.402790107870e-02,        -8.348161709439e-02,        -3.916800477689e-02,        +1.414213562373e-01,        -8.348161709433e-02,        -3.916800477687e-02,        +1.880107717979e-01,        -7.401520324414e-02
 1.83850000e+02,        +1.414213562373e-01,        +1.851660256659e-01,        -7.380073529899e-02,        -8.567611405847e-02,        -3.650869680174e-02,        +1.414213562373e-01,        -8.567611405841e-02,        -3.650869680172e-02,        +1.851825405191e-01,        -7.378887577286e-02
 1.84800000e+02,        +1.414213562373e-01,        +1.823201817102e-01,        -7.339181059015e-02,        -8.784572778406e-02,        -3.368726935866e-02,        +1.414213562373e-01,        -8.784572778399e-02,        -3.368726935864e-02,        +1.823361566706e-01,        -7.338077351001e-02
 1.85750000e+02,        +1.414213562373e-01,        +1.794699325698e-01,        -7.279316429570e-02,        -8.997748187405e-02,        -3.069662210428e-02,        +1.414213562373e-01,        -8.997748187397e-02,        -3.069662210426e-02,        +1.794852902598e-01,        -7.278292677146e-02
 1.86700000e+02,        +1.414213562373e-01,        +1.766305324866e-01,        -7.199779426092e-02,        -9.205683628587e-02,        -2.753058837493e-02,        +1.414213562373e-01,        -9.205683628580e-02,        -2.753058837491e-02,        +1.766451947991e-01,        -7.198832583501e-02
 1.87650000e+02,        +1.414213562373e-01,        +1.738188029077e-01,        -7.099993763019e-02,        -9.406770175792e-02,        -2.418421356703e-02,        +1.414213562373e-01,        -9.406770175784e-02,        -2.418421356701e-02,        +1.738326918115e-01,        -7.099119979141e-02
 1.88600000e+02,        +1.414213562373e-01,        +1.710530695063e-01,        -6.979537001188e-02,        -9.599250159270e-02,        -2.065405395028e-02,        +1.414213562373e-01,        -9.599250159262e-02,        -2.065405395027e-02,        +1.710661079759e-01,        -6.978731578760e-02
 1.89550000e+02,        +1.414213562373e-01,        +1.683530434548e-01,        -6.838171748242e-02,        -9.781228918577e-02,        -1.693848838642e-02,        +1.414213562373e-01,        -9.781228918569e-02,        -1.693848838641e-02,        +1.683651565206e-01,        -6.837429113642e-02
 1.90500000e+02,        +1.414213562373e-01,        +1.657396394847e-01,        -6.675877120175e-02,        -9.950692877220e-02,        -1.303803272577e-02,        +1.414213562373e-01,        -9.950692877211e-02,        -1.303803272576e-02,        +1.657507553936e-01,        -6.675190806653e-02
 1.91450000e+02,        +1.414213562373e-01,        +1.632347250045e-01,        -6.492879167567e-02,        -1.010553451241e-01,        -8.955643916878e-03,        +1.414213562373e-01,        -1.010553451240e-01,        -8.955643916875e-03,        +1.632447764760e-01,        -6.492241814870e-02
 1.92400000e+02,        +1.414213562373e-01,        +1.608607972080e-01,        -6.289678717052e-02,        -1.024358452741e-01,        -4.696998333109e-03,        +1.414213562373e-01,        -1.024358452740e-01,        -4.696998333111e-03,        +1.608697227617e-01,        -6.289082090271e-02
 1.93350000e+02,        +1.414213562373e-01,        +1.586405887145e-01,        -6.067074877152e-02,        -1.036265117290e-01,        -2.707268050543e-04,        +1.414213562373e-01,        -1.036265117290e-01,        -2.707268050587e-04,        +1.586483340379e-01,        -6.066509907287e-02
 1.94300000e+02,        +1.414213562373e-01,        +1.565966067654e-01,        -5.826182342546e-02,        -1.046056621556e-01,        +4.311412304208e-03,        +1.414213562373e-01,        -1.046056621555e-01,        +4.311412304199e-03,        +1.566031260833e-01,        -5.825639190794e-02
 1.95250000e+02,        +1.414213562373e-01,        +1.547506161530e-01,        -5.568440637562e-02,        -1.053523653676e-01,        +9.034440578191e-03,        +1.414213562373e-01,        -1.053523653675e-01,        +9.034440578178e-03,        +1.547558735521e-01,        -5.567908784535e-02
 1.96200000e+02,        +1.414213562373e-01,        +1.531230815224e-01,        -5.295613598738e-02,        -1.058469979788e-01,        +1.388016458810e-02,        +1.414213562373e-01,        -1.058469979787e-01,        +1.388016458808e-02,        +1.531270521819e-01,        -5.295081958856e-02
 1.97150000e+02,        +1.414213562373e-01,        +1.517325899857e-01,        -5.009777727813e-02,        -1.060718207851e-01,        +1.882729218947e-02,        +1.414213562373e-01,        -1.060718207851e-01,        +1.882729218945e-02,        +1.517352612587e-01,        -5.009234787948e-02
 1.98100000e+02,        +1.414213562373e-01,        +1.505952795203e-01,        -4.713298553436e-02,        -1.060115494063e-01,        +2.385166869950e-02,        +1.414213562373e-01,        -1.060115494062e-01,        +2.385166869948e-02,        +1.505966518145e-01,        -4.712732533592e-02
 1.99050000e+02,        +1.414213562373e-01,        +1.497243017816e-01,        -4.408794803469e-02,        -1.056538905572e-01,        +2.892663494425e-02,        +1.414213562373e-01,        -1.056538905571e-01,        +2.892663494422e-02,        +1.497243891888e-01,        -4.408193835977e-02
 2.00000000e+02,        +1.414213562373e-01,        +1.491293491472e-01,        -4.099090967414e-02,        -1.049900141276e-01,        +3.402350138837e-02,        +1.414213562373e-01,        -1.049900141276e-01,        +3.402350138834e-02,        +1.491281797805e-01,        -4.098443289846e-02
