        f (GHz),            V_inc[1][1] (V),            Re{V[1][1]} (V),            Im{V[1][1]} (V),            Re{V[2][1]} (V),            Im{V[2][1]} (V),            V_inc[2][2] (V),            Re{V[1][2]} (V),            Im{V[1][2]} (V),            Re{V[2][2]} (V),            Im{V[2][2]} (V)
 1.00000000e+01,        +7.071067811865e+00,        +7.178398940811e+00,        +4.497585102501e-01,        +6.944483507472e+00,        -7.162319476283e-01,        +7.071067811865e+00,        +6.944483507471e+00,        -7.162319476282e-01,        +7.178388547698e+00,        +4.497605370997e-01
 1.09500000e+01,        +7.071067811865e+00,        +7.190695578658e+00,        +4.892727067138e-01,        +6.931099079730e+00,        -7.807211553734e-01,        +7.071067811865e+00,        +6.931099079730e+00,        -7.807211553733e-01,        +7.190684277162e+00,        +4.892755363583e-01
 1.19000000e+01,        +7.071067811865e+00,        +7.203631568174e+00,        +5.282445790164e-01,        +6.916995366386e+00,        -8.447190136064e-01,        +7.071067811865e+00,        +6.916995366385e+00,        -8.447190136063e-01,        +7.203621224289e+00,        +5.282483809736e-01
 1.28500000e+01,        +7.071067811865e+00,        +7.217173859712e+00,        +5.667128099247e-01,        +6.902200762268e+00,        -9.082596903948e-01,        +7.071067811865e+00,        +6.902200762268e+00,        -9.082596903946e-01,        +7.217165805590e+00,        +5.667171531216e-01
 1.38000000e+01,        +7.071067811865e+00,        +7.231299967947e+00,        +6.047130860281e-01,        +6.886734542052e+00,        -9.713759576014e-01,        +7.071067811865e+00,        +6.886734542051e+00,        -9.713759576014e-01,        +7.231295013951e+00,        +6.047172290291e-01
 1.47500000e+01,        +7.071067811865e+00,        +7.245995713483e+00,        +6.422770832407e-01,        +6.870608554749e+00,        -1.034097740913e+00,        +7.071067811865e+00,        +6.870608554748e+00,        -1.034097740913e+00,        +7.245994212772e+00,        +6.422801753115e-01
 1.57000000e+01,        +7.071067811865e+00,        +7.261253243829e+00,        +6.794319945043e-01,        +6.853828865807e+00,        -1.096451335886e+00,        +7.071067811865e+00,        +6.853828865806e+00,        -1.096451335885e+00,        +7.261255177338e+00,        +6.794332061941e-01
 1.66500000e+01,        +7.071067811865e+00,        +7.277069366557e+00,        +7.162004448929e-01,        +6.836397218515e+00,        -1.158459099885e+00,        +7.071067811865e+00,        +6.836397218514e+00,        -1.158459099885e+00,        +7.277074429817e+00,        +7.161990461329e-01
 1.76000000e+01,        +7.071067811865e+00,        +7.293444191888e+00,        +7.526006631569e-01,        +6.818312263928e+00,        -1.220139463216e+00,        +7.071067811865e+00,        +6.818312263927e+00,        -1.220139463216e+00,        +7.293451874017e+00,        +7.525960641907e-01
 1.85500000e+01,        +7.071067811865e+00,        +7.310380059027e+00,        +7.886468072439e-01,        +6.799570554066e+00,        -1.281507138924e+00,        +7.071067811865e+00,        +6.799570554066e+00,        -1.281507138924e+00,        +7.310389709802e+00,        +7.886385744658e-01
 1.95000000e+01,        +7.071067811865e+00,        +7.327880708955e+00,        +8.243493688776e-01,        +6.780167317504e+00,        -1.342573443379e+00,        +7.071067811865e+00,        +6.780167317504e+00,        -1.342573443379e+00,        +7.327891593034e+00,        +8.243372246050e-01
 2.04500000e+01,        +7.071067811865e+00,        +7.345950662794e+00,        +8.597156053897e-01,        +6.760097047248e+00,        -1.403346666789e+00,        +7.071067811865e+00,        +6.760097047248e+00,        -1.403346666789e+00,        +7.345962001887e+00,        +8.596994180332e-01
 2.14000000e+01,        +7.071067811865e+00,        +7.364594766383e+00,        +8.947499652179e-01,        +6.739353933653e+00,        -1.463832453682e+00,        +7.071067811865e+00,        +6.739353933652e+00,        -1.463832453682e+00,        +7.364605770928e+00,        +8.947297342996e-01
 2.23500000e+01,        +7.071067811865e+00,        +7.383817865839e+00,        +9.294544869315e-01,        +6.717932173476e+00,        -1.524034168640e+00,        +7.071067811865e+00,        +6.717932173475e+00,        -1.524034168640e+00,        +7.383827757971e+00,        +9.294303259085e-01
 2.33000000e+01,        +7.071067811865e+00,        +7.403624584128e+00,        +9.638291610840e-01,        +6.695826182509e+00,        -1.583953233371e+00,        +7.071067811865e+00,        +6.695826182508e+00,        -1.583953233371e+00,        +7.403632613685e+00,        +9.638012798497e-01
 2.42500000e+01,        +7.071067811865e+00,        +7.424019174020e+00,        +9.978722505290e-01,        +6.673030734816e+00,        -1.643589428445e+00,        +7.071067811865e+00,        +6.673030734816e+00,        -1.643589428445e+00,        +7.424024629112e+00,        +9.978409387160e-01
 2.52000000e+01,        +7.071067811865e+00,        +7.445005427693e+00,        +1.031580568880e+00,        +6.649541047273e+00,        -1.702941157724e+00,        +7.071067811865e+00,        +6.649541047273e+00,        -1.702941157723e+00,        +7.445007641170e+00,        +1.031546180576e+00
 2.61500000e+01,        +7.071067811865e+00,        +7.466586627562e+00,        +1.064949719173e+00,        +6.625352824217e+00,        -1.762005676392e+00,        +7.071067811865e+00,        +6.625352824217e+00,        -1.762005676392e+00,        +7.466584980406e+00,        +1.064912659335e+00
 2.71000000e+01,        +7.071067811865e+00,        +7.488765526394e+00,        +1.097974296147e+00,        +6.600462273685e+00,        -1.820779285077e+00,        +7.071067811865e+00,        +6.600462273684e+00,        -1.820779285077e+00,        +7.488759448910e+00,        +1.097935008771e+00
 2.80500000e+01,        +7.071067811865e+00,        +7.511544347707e+00,        +1.130648056058e+00,        +6.574866103999e+00,        -1.879257493410e+00,        +7.071067811865e+00,        +6.574866103998e+00,        -1.879257493410e+00,        +7.511533319150e+00,        +1.130607014065e+00
 2.90000000e+01,        +7.071067811865e+00,        +7.534924799661e+00,        +1.162964058101e+00,        +6.548561507287e+00,        -1.937435156619e+00,        +7.071067811865e+00,        +6.548561507286e+00,        -1.937435156619e+00,        +7.534908346804e+00,        +1.162921754793e+00
 2.99500000e+01,        +7.071067811865e+00,        +7.558908097464e+00,        +1.194914781338e+00,        +6.521546134794e+00,        -1.995306588718e+00,        +7.071067811865e+00,        +6.521546134794e+00,        -1.995306588718e+00,        +7.558885792483e+00,        +1.194871723278e+00
 3.09000000e+01,        +7.071067811865e+00,        +7.583494990650e+00,        +1.226492220726e+00,        +6.493818067555e+00,        -2.052865655644e+00,        +7.071067811865e+00,        +6.493818067555e+00,        -2.052865655644e+00,        +7.583466448594e+00,        +1.226448921866e+00
 3.18500000e+01,        +7.071067811865e+00,        +7.608685792610e+00,        +1.257687965477e+00,        +6.465375784956e+00,        -2.110105851362e+00,        +7.071067811865e+00,        +6.465375784956e+00,        -2.110105851362e+00,        +7.608650668667e+00,        +1.257644942361e+00
 3.28000000e+01,        +7.071067811865e+00,        +7.634480410573e+00,        +1.288493262567e+00,        +6.436218132987e+00,        -2.167020359663e+00,        +7.071067811865e+00,        +6.436218132986e+00,        -2.167020359663e+00,        +7.634438397264e+00,        +1.288451030461e+00
 3.37500000e+01,        +7.071067811865e+00,        +7.660878374752e+00,        +1.318899067863e+00,        +6.406344293389e+00,        -2.223602103964e+00,        +7.071067811865e+00,        +6.406344293389e+00,        -2.223602103964e+00,        +7.660829199155e+00,        +1.318858137667e+00
 3.47000000e+01,        +7.071067811865e+00,        +7.687878865856e+00,        +1.348896086973e+00,        +6.375753754523e+00,        -2.279843787167e+00,        +7.071067811865e+00,        +6.375753754522e+00,        -2.279843787167e+00,        +7.687822286929e+00,        +1.348856962789e+00
 3.56500000e+01,        +7.071067811865e+00,        +7.715480740439e+00,        +1.378474807599e+00,        +6.344446284416e+00,        -2.335737923295e+00,        +7.071067811865e+00,        +6.344446284416e+00,        -2.335737923295e+00,        +7.715416546468e+00,        +1.378437984850e+00
 3.66000000e+01,        +7.071067811865e+00,        +7.743682553794e+00,        +1.407625524922e+00,        +6.312421906307e+00,        -2.391276862366e+00,        +7.071067811865e+00,        +6.312421906306e+00,        -2.391276862366e+00,        +7.743610560006e+00,        +1.407591488933e+00
 3.75500000e+01,        +7.071067811865e+00,        +7.772482580268e+00,        +1.436338361292e+00,        +6.279680876769e+00,        -2.446452809747e+00,        +7.071067811865e+00,        +6.279680876769e+00,        -2.446452809747e+00,        +7.772402626614e+00,        +1.436307586237e+00
 3.85000000e+01,        +7.071067811865e+00,        +7.801878830974e+00,        +1.464603281269e+00,        +6.246223666446e+00,        -2.501257841030e+00,        +7.071067811865e+00,        +6.246223666445e+00,        -2.501257841029e+00,        +7.801790780086e+00,        +1.464576229445e+00
 3.94500000e+01,        +7.071067811865e+00,        +7.831869068962e+00,        +1.492410102949e+00,        +6.212050943312e+00,        -2.555683913279e+00,        +7.071067811865e+00,        +6.212050943311e+00,        -2.555683913278e+00,        +7.831772804277e+00,        +1.492387224289e+00
 4.04000000e+01,        +7.071067811865e+00,        +7.862450821947e+00,        +1.519748506270e+00,        +6.177163558366e+00,        -2.609722873400e+00,        +7.071067811865e+00,        +6.177163558365e+00,        -2.609722873400e+00,        +7.862346246000e+00,        +1.519730238077e+00
 4.13500000e+01,        +7.071067811865e+00,        +7.893621392747e+00,        +1.546608038940e+00,        +6.141562533589e+00,        -2.663366464213e+00,        +7.071067811865e+00,        +6.141562533589e+00,        -2.663366464213e+00,        +7.893508425610e+00,        +1.546594805790e+00
 4.23000000e+01,        +7.071067811865e+00,        +7.925377867563e+00,        +1.572978120510e+00,        +6.105249052023e+00,        -2.716606328730e+00,        +7.071067811865e+00,        +6.105249052023e+00,        -2.716606328730e+00,        +7.925256445441e+00,        +1.572970334284e+00
 4.32500000e+01,        +7.071067811865e+00,        +7.957717122290e+00,        +1.598848044985e+00,        +6.068224449787e+00,        -2.769434013051e+00,        +7.071067811865e+00,        +6.068224449787e+00,        -2.769434013051e+00,        +7.957587196246e+00,        +1.598846105019e+00
 4.42000000e+01,        +7.071067811865e+00,        +7.990635827004e+00,        +1.624206982343e+00,        +6.030490209877e+00,        -2.821840968231e+00,        +7.071067811865e+00,        +6.030490209876e+00,        -2.821840968231e+00,        +7.990497361808e+00,        +1.624211275665e+00
 4.51500000e+01,        +7.071067811865e+00,        +8.024130448797e+00,        +1.649043979236e+00,        +5.992047957564e+00,        -2.873818551375e+00,        +7.071067811865e+00,        +5.992047957564e+00,        -2.873818551375e+00,        +8.023983421887e+00,        +1.649054880873e+00
 4.61000000e+01,        +7.071067811865e+00,        +8.058197253096e+00,        +1.673347959131e+00,        +5.952899457261e+00,        -2.925358026211e+00,        +7.071067811865e+00,        +5.952899457261e+00,        -2.925358026211e+00,        +8.058041653654e+00,        +1.673365832466e+00
 4.70500000e+01,        +7.071067811865e+00,        +8.092832303636e+00,        +1.697107722054e+00,        +5.913046610673e+00,        -2.976450563319e+00,        +7.071067811865e+00,        +5.913046610673e+00,        -2.976450563319e+00,        +8.092668131748e+00,        +1.697132919229e+00
 4.80000000e+01,        +7.071067811865e+00,        +8.128031461199e+00,        +1.720311944123e+00,        +5.872491456126e+00,        -3.027087240175e+00,        +7.071067811865e+00,        +5.872491456125e+00,        -3.027087240175e+00,        +8.127858727110e+00,        +1.720344806470e+00
 4.89500000e+01,        +7.071067811865e+00,        +8.163790381253e+00,        +1.742949176974e+00,        +5.831236168919e+00,        -3.077259041130e+00,        +7.071067811865e+00,        +5.831236168919e+00,        -3.077259041130e+00,        +8.163609104699e+00,        +1.742990035470e+00
 4.99000000e+01,        +7.071067811865e+00,        +8.200104510604e+00,        +1.765007847212e+00,        +5.789283062604e+00,        -3.126956857434e+00,        +7.071067811865e+00,        +5.789283062604e+00,        -3.126956857433e+00,        +8.199914720223e+00,        +1.765057022947e+00
 5.08500000e+01,        +7.071067811865e+00,        +8.236969083174e+00,        +1.786476255952e+00,        +5.746634591061e+00,        -3.176171487371e+00,        +7.071067811865e+00,        +5.746634591061e+00,        -3.176171487371e+00,        +8.236770815973e+00,        +1.786534060603e+00
 5.18000000e+01,        +7.071067811865e+00,        +8.274379114977e+00,        +1.807342578512e+00,        +5.703293351287e+00,        -3.224893636604e+00,        +7.071067811865e+00,        +5.703293351286e+00,        -3.224893636604e+00,        +8.274172415871e+00,        +1.807409314824e+00
 5.27500000e+01,        +7.071067811865e+00,        +8.312329398404e+00,        +1.827594864353e+00,        +5.659262086803e+00,        -3.273113918731e+00,        +7.071067811865e+00,        +5.659262086803e+00,        -3.273113918731e+00,        +8.312114319807e+00,        +1.827670826612e+00
 5.37000000e+01,        +7.071067811865e+00,        +8.350814495879e+00,        +1.847221037257e+00,        +5.614543691598e+00,        -3.320822856154e+00,        +7.071067811865e+00,        +5.614543691598e+00,        -3.320822856153e+00,        +8.350591097347e+00,        +1.847306511763e+00
 5.46500000e+01,        +7.071067811865e+00,        +8.389828732961e+00,        +1.866208895815e+00,        +5.569141214530e+00,        -3.368010881242e+00,        +7.071067811865e+00,        +5.569141214530e+00,        -3.368010881241e+00,        +8.389597080881e+00,        +1.866304161346e+00
 5.56000000e+01,        +7.071067811865e+00,        +8.429366190952e+00,        +1.884546114246e+00,        +5.523057864128e+00,        -3.414668337858e+00,        +7.071067811865e+00,        +5.523057864127e+00,        -3.414668337858e+00,        +8.429126358278e+00,        +1.884651442504e+00
 5.65500000e+01,        +7.071067811865e+00,        +8.469420699074e+00,        +1.902220243561e+00,        +5.476297013722e+00,        -3.460785483236e+00,        +7.071067811865e+00,        +5.476297013722e+00,        -3.460785483235e+00,        +8.469172765095e+00,        +1.902335899612e+00
 5.75000000e+01,        +7.071067811865e+00,        +8.509985826251e+00,        +1.919218713097e+00,        +5.428862206858e+00,        -3.506352490241e+00,        +7.071067811865e+00,        +5.428862206858e+00,        -3.506352490241e+00,        +8.509729876407e+00,        +1.919344955791e+00
 5.84500000e+01,        +7.071067811865e+00,        +8.551054872557e+00,        +1.935528832431e+00,        +5.380757162933e+00,        -3.551359450039e+00,        +7.071067811865e+00,        +5.380757162932e+00,        -3.551359450038e+00,        +8.550790998280e+00,        +1.935665914808e+00
 5.94000000e+01,        +7.071067811865e+00,        +8.592620860363e+00,        +1.951137793696e+00,        +5.331985783018e+00,        -3.595796375145e+00,        +7.071067811865e+00,        +5.331985783017e+00,        -3.595796375144e+00,        +8.592349158956e+00,        +1.951285963367e+00
 6.03500000e+01,        +7.071067811865e+00,        +8.634676525224e+00,        +1.966032674289e+00,        +5.282552155817e+00,        -3.639653202909e+00,        +7.071067811865e+00,        +5.282552155817e+00,        -3.639653202908e+00,        +8.634397099758e+00,        +1.966192173804e+00
 6.13000000e+01,        +7.071067811865e+00,        +8.677214306524e+00,        +1.980200439997e+00,        +5.232460563731e+00,        -3.682919799401e+00,        +7.071067811865e+00,        +5.232460563730e+00,        -3.682919799400e+00,        +8.676927265772e+00,        +1.980371507189e+00
 6.22500000e+01,        +7.071067811865e+00,        +8.720226337937e+00,        +1.993627948536e+00,        +5.181715488975e+00,        -3.725585963730e+00,        +7.071067811865e+00,        +5.181715488975e+00,        -3.725585963730e+00,        +8.719931796329e+00,        +1.993810816843e+00
 6.32000000e+01,        +7.071067811865e+00,        +8.763704437705e+00,        +2.006301953514e+00,        +5.130321619746e+00,        -3.767641432783e+00,        +7.071067811865e+00,        +5.130321619746e+00,        -3.767641432782e+00,        +8.763402515300e+00,        +2.006496852283e+00
 6.41500000e+01,        +7.071067811865e+00,        +8.807640098771e+00,        +2.018209108819e+00,        +5.078283856367e+00,        -3.809075886395e+00,        +7.071067811865e+00,        +5.078283856366e+00,        -3.809075886395e+00,        +8.807330921254e+00,        +2.018416263580e+00
 6.51000000e+01,        +7.071067811865e+00,        +8.852024478785e+00,        +2.029335973438e+00,        +5.025607317416e+00,        -3.849878952953e+00,        +7.071067811865e+00,        +5.025607317415e+00,        -3.849878952953e+00,        +8.851708177483e+00,        +2.029555606162e+00
 6.60500000e+01,        +7.071067811865e+00,        +8.896848390014e+00,        +2.039669016707e+00,        +4.972297345791e+00,        -3.890040215431e+00,        +7.071067811865e+00,        +4.972297345790e+00,        -3.890040215430e+00,        +8.896525101923e+00,        +2.039901346037e+00
 6.70000000e+01,        +7.071067811865e+00,        +8.942102289158e+00,        +2.049194624002e+00,        +4.918359514685e+00,        -3.929549217855e+00,        +7.071067811865e+00,        +4.918359514685e+00,        -3.929549217855e+00,        +8.941772156993e+00,        +2.049439865464e+00
 6.79500000e+01,        +7.071067811865e+00,        +8.987776267111e+00,        +2.057899102870e+00,        +4.863799633452e+00,        -3.968395472219e+00,        +7.071067811865e+00,        +4.863799633452e+00,        -3.968395472218e+00,        +8.987439439362e+00,        +2.058157469054e+00
 6.89000000e+01,        +7.071067811865e+00,        +9.033860038670e+00,        +2.065768689600e+00,        +4.808623753327e+00,        -4.006568465815e+00,        +7.071067811865e+00,        +4.808623753327e+00,        -4.006568465814e+00,        +9.033516669673e+00,        +2.066040390327e+00
 6.98500000e+01,        +7.071067811865e+00,        +9.080342932214e+00,        +2.072789556247e+00,        +4.752838172985e+00,        -4.044057669023e+00,        +7.071067811865e+00,        +4.752838172984e+00,        -4.044057669023e+00,        +9.079993182235e+00,        +2.073074798703e+00
 7.08000000e+01,        +7.071067811865e+00,        +9.127213879371e+00,        +2.078947818098e+00,        +4.696449443903e+00,        -4.080852543528e+00,        +7.071067811865e+00,        +4.696449443902e+00,        -4.080852543528e+00,        +9.126857914696e+00,        +2.079246806952e+00
 7.17500000e+01,        +7.071067811865e+00,        +9.174461404691e+00,        +2.084229541599e+00,        +4.639464375510e+00,        -4.116942550972e+00,        +7.071067811865e+00,        +4.639464375509e+00,        -4.116942550971e+00,        +9.174099397726e+00,        +2.084542479093e+00
 7.27000000e+01,        +7.071067811865e+00,        +9.222073615329e+00,        +2.088620752732e+00,        +4.581890040088e+00,        -4.152317162052e+00,        +7.071067811865e+00,        +4.581890040088e+00,        -4.152317162051e+00,        +9.221705744704e+00,        +2.088947838753e+00
 7.36500000e+01,        +7.071067811865e+00,        +9.270038190770e+00,        +2.092107445851e+00,        +4.523733777407e+00,        -4.186965866051e+00,        +7.071067811865e+00,        +4.523733777406e+00,        -4.186965866050e+00,        +9.269664641454e+00,        +2.092448877975e+00
 7.46000000e+01,        +7.071067811865e+00,        +9.318342372596e+00,        +2.094675592986e+00,        +4.465003199055e+00,        -4.220878180804e+00,        +7.071067811865e+00,        +4.465003199055e+00,        -4.220878180803e+00,        +9.317963336014e+00,        +2.095031566503e+00
 7.55500000e+01,        +7.071067811865e+00,        +9.366972954323e+00,        +2.096311153600e+00,        +4.405706192459e+00,        -4.254043663102e+00,        +7.071067811865e+00,        +4.405706192459e+00,        -4.254043663102e+00,        +9.366588628476e+00,        +2.096681861516e+00
 7.65000000e+01,        +7.071067811865e+00,        +9.415916271316e+00,        +2.097000084818e+00,        +4.345850924537e+00,        -4.286451919526e+00,        +7.071067811865e+00,        +4.345850924537e+00,        -4.286451919525e+00,        +9.415526860900e+00,        +2.097385717835e+00
 7.74500000e+01,        +7.071067811865e+00,        +9.465158190791e+00,        +2.096728352125e+00,        +4.285445844982e+00,        -4.318092617708e+00,        +7.071067811865e+00,        +4.285445844982e+00,        -4.318092617707e+00,        +9.464763907328e+00,        +2.097129098602e+00
 7.84000000e+01,        +7.071067811865e+00,        +9.514684101938e+00,        +2.095481940531e+00,        +4.224499689131e+00,        -4.348955498023e+00,        +7.071067811865e+00,        +4.224499689130e+00,        -4.348955498022e+00,        +9.514285163899e+00,        +2.095897986418e+00
 7.93500000e+01,        +7.071067811865e+00,        +9.564478906159e+00,        +2.093246866202e+00,        +4.163021480393e+00,        -4.379030385697e+00,        +7.071067811865e+00,        +4.163021480392e+00,        -4.379030385697e+00,        +9.564075539088e+00,        +2.093678394961e+00
 8.03000000e+01,        +7.071067811865e+00,        +9.614527007451e+00,        +2.090009188573e+00,        +4.101020532212e+00,        -4.408307203335e+00,        +7.071067811865e+00,        +4.101020532212e+00,        -4.408307203334e+00,        +9.614119444092e+00,        +2.090456381073e+00
 8.12500000e+01,        +7.071067811865e+00,        +9.664812302943e+00,        +2.085755022920e+00,        +4.038506449524e+00,        -4.436775983848e+00,        +7.071067811865e+00,        +4.038506449523e+00,        -4.436775983847e+00,        +9.664400783358e+00,        +2.086218057318e+00
 8.22000000e+01,        +7.071067811865e+00,        +9.715318173598e+00,        +2.080470553414e+00,        +3.975489129675e+00,        -4.464426883791e+00,        +7.071067811865e+00,        +3.975489129674e+00,        -4.464426883790e+00,        +9.714902945293e+00,        +2.080949605007e+00
 8.31500000e+01,        +7.071067811865e+00,        +9.766027475114e+00,        +2.074142046634e+00,        +3.911978762780e+00,        -4.491250197088e+00,        +7.071067811865e+00,        +3.911978762780e+00,        -4.491250197088e+00,        +9.765608793148e+00,        +2.074637287703e+00
 8.41000000e+01,        +7.071067811865e+00,        +9.816922529007e+00,        +2.066755865557e+00,        +3.847985831473e+00,        -4.517236369137e+00,        +7.071067811865e+00,        +3.847985831472e+00,        -4.517236369137e+00,        +9.816500656108e+00,        +2.067267465187e+00
 8.50500000e+01,        +7.071067811865e+00,        +9.867985113922e+00,        +2.058298484009e+00,        +3.783521110018e+00,        -4.542376011279e+00,        +7.071067811865e+00,        +3.783521110017e+00,        -4.542376011278e+00,        +9.867560320592e+00,        +2.058826607891e+00
 8.60000000e+01,        +7.071067811865e+00,        +9.919196457174e+00,        +2.048756501580e+00,        +3.718595662748e+00,        -4.566659915631e+00,        +7.071067811865e+00,        +3.718595662747e+00,        -4.566659915630e+00,        +9.918769021787e+00,        +2.049301311797e+00
 8.69500000e+01,        +7.071067811865e+00,        +9.970537226524e+00,        +2.038116658998e+00,        +3.653220841793e+00,        -4.590079070248e+00,        +7.071067811865e+00,        +3.653220841792e+00,        -4.590079070247e+00,        +9.970107435424e+00,        +2.038678313793e+00
 8.79000000e+01,        +7.071067811865e+00,        +1.002198752222e+01,        +2.026365853954e+00,        +3.587408284056e+00,        -4.612624674611e+00,        +7.071067811865e+00,        +3.587408284055e+00,        -4.612624674611e+00,        +1.002155566981e+01,        +2.026944507482e+00
 8.88500000e+01,        +7.071067811865e+00,        +1.007352686933e+01,        +2.013491157379e+00,        +3.521169907403e+00,        -4.634288155419e+00,        +7.071067811865e+00,        +3.521169907403e+00,        -4.634288155418e+00,        +1.007309325813e+01,        +2.014086959444e+00
 8.98000000e+01,        +7.071067811865e+00,        +1.012513421029e+01,        +1.999479830165e+00,        +3.454517906024e+00,        -4.655061182648e+00,        +7.071067811865e+00,        +3.454517906024e+00,        -4.655061182647e+00,        +1.012469915104e+01,        +2.000092925936e+00
 9.07500000e+01,        +7.071067811865e+00,        +1.017678789785e+01,        +1.984319340309e+00,        +3.387464744924e+00,        -4.674935685886e+00,        +7.071067811865e+00,        +3.387464744923e+00,        -4.674935685885e+00,        +1.017635170955e+01,        +1.984949870033e+00
 9.17000000e+01,        +7.071067811865e+00,        +1.022846568826e+01,        +1.967997380502e+00,        +3.320023153506e+00,        -4.693903870877e+00,        +7.071067811865e+00,        +3.320023153506e+00,        -4.693903870876e+00,        +1.022802869822e+01,        +1.968645479186e+00
 9.26500000e+01,        +7.071067811865e+00,        +1.028014473479e+01,        +1.950501886118e+00,        +3.252206118208e+00,        -4.711958236281e+00,        +7.071067811865e+00,        +3.252206118207e+00,        -4.711958236281e+00,        +1.027970727866e+01,        +1.951167683210e+00
 9.36000000e+01,        +7.071067811865e+00,        +1.033180158156e+01,        +1.931821053623e+00,        +3.184026874132e+00,        -4.729091590599e+00,        +7.071067811865e+00,        +3.184026874132e+00,        -4.729091590598e+00,        +1.033136400340e+01,        +1.932504672677e+00
 9.45500000e+01,        +7.071067811865e+00,        +1.038341215777e+01,        +1.911943359378e+00,        +3.115498895654e+00,        -4.745297069225e+00,        +7.071067811865e+00,        +3.115498895654e+00,        -4.745297069224e+00,        +1.038297481001e+01,        +1.912644917698e+00
 9.55000000e+01,        +7.071067811865e+00,        +1.043495177220e+01,        +1.890857578825e+00,        +3.046635885941e+00,        -4.760568151609e+00,        +7.071067811865e+00,        +3.046635885941e+00,        -4.760568151608e+00,        +1.043451501568e+01,        +1.891577187109e+00
 9.64500000e+01,        +7.071067811865e+00,        +1.048639510811e+01,        +1.868552806061e+00,        +2.977451765349e+00,        -4.774898678473e+00,        +7.071067811865e+00,        +2.977451765348e+00,        -4.774898678472e+00,        +1.048595931206e+01,        +1.869290568022e+00
 9.74000000e+01,        +7.071067811865e+00,        +1.053771621843e+01,        +1.845018473755e+00,        +2.907960658650e+00,        -4.788282869041e+00,        +7.071067811865e+00,        +2.907960658650e+00,        -4.788282869040e+00,        +1.053728176047e+01,        +1.845774485737e+00
 9.83500000e+01,        +7.071067811865e+00,        +1.058888852142e+01,        +1.820244373433e+00,        +2.838176881052e+00,        -4.800715338239e+00,        +7.071067811865e+00,        +2.838176881051e+00,        -4.800715338238e+00,        +1.058845578746e+01,        +1.821018724014e+00
 9.93000000e+01,        +7.071067811865e+00,        +1.063988479652e+01,        +1.794220676094e+00,        +2.768114922951e+00,        -4.812191113816e+00,        +7.071067811865e+00,        +2.768114922950e+00,        -4.812191113815e+00,        +1.063945418079e+01,        +1.795013445677e+00
 1.00250000e+02,        +7.071067811865e+00,        +1.069067718072e+01,        +1.766937953149e+00,        +2.697789433389e+00,        -4.822705653331e+00,        +7.071067811865e+00,        +2.697789433388e+00,        -4.822705653330e+00,        +1.069024908564e+01,        +1.767749213548e+00
 1.01200000e+02,        +7.071067811865e+00,        +1.074123716512e+01,        +1.738387197675e+00,        +2.627215202159e+00,        -4.832254860944e+00,        +7.071067811865e+00,        +2.627215202159e+00,        -4.832254860943e+00,        +1.074081200126e+01,        +1.739217011684e+00
 1.02150000e+02,        +7.071067811865e+00,        +1.079153559196e+01,        +1.708559845966e+00,        +2.556407140519e+00,        -4.840835103965e+00,        +7.071067811865e+00,        +2.556407140519e+00,        -4.840835103964e+00,        +1.079111377790e+01,        +1.709408266927e+00
 1.03100000e+02,        +7.071067811865e+00,        +1.084154265189e+01,        +1.677447799372e+00,        +2.485380260464e+00,        -4.848443229077e+00,        +7.071067811865e+00,        +2.485380260464e+00,        -4.848443229076e+00,        +1.084112461413e+01,        +1.678314870730e+00
 1.04050000e+02,        +7.071067811865e+00,        +1.089122788157e+01,        +1.645043446412e+00,        +2.414149652517e+00,        -4.855076578181e+00,        +7.071067811865e+00,        +2.414149652517e+00,        -4.855076578181e+00,        +1.089081405440e+01,        +1.645929201266e+00
 1.05000000e+02,        +7.071067811865e+00,        +1.094056016158e+01,        +1.611339685158e+00,        +2.342730461994e+00,        -4.860733003777e+00,        +7.071067811865e+00,        +2.342730461994e+00,        -4.860733003777e+00,        +1.094015098691e+01,        +1.612244145795e+00
 1.05950000e+02,        +7.071067811865e+00,        +1.098950771460e+01,        +1.576329945863e+00,        +2.271137863691e+00,        -4.865410883811e+00,        +7.071067811865e+00,        +2.271137863691e+00,        -4.865410883810e+00,        +1.098910364182e+01,        +1.577253123301e+00
 1.06900000e+02,        +7.071067811865e+00,        +1.103803810385e+01,        +1.540008213850e+00,        +2.199387034957e+00,        -4.869109135905e+00,        +7.071067811865e+00,        +2.199387034957e+00,        -4.869109135904e+00,        +1.103763958960e+01,        +1.540950107361e+00
 1.07850000e+02,        +7.071067811865e+00,        +1.108611823170e+01,        +1.502369052636e+00,        +2.127493127108e+00,        -4.871827230873e+00,        +7.071067811865e+00,        +2.127493127108e+00,        -4.871827230872e+00,        +1.108572573971e+01,        +1.503329649273e+00
 1.08800000e+02,        +7.071067811865e+00,        +1.113371433853e+01,        +1.463407627302e+00,        +2.055471235134e+00,        -4.873565205451e+00,        +7.071067811865e+00,        +2.055471235134e+00,        -4.873565205450e+00,        +1.113332833935e+01,        +1.464386901412e+00
 1.09750000e+02,        +7.071067811865e+00,        +1.118079200172e+01,        +1.423119728098e+00,        +1.983336365662e+00,        -4.874323674112e+00,        +7.071067811865e+00,        +1.983336365661e+00,        -4.874323674111e+00,        +1.118041297250e+01,        +1.424117640838e+00
 1.10700000e+02,        +7.071067811865e+00,        +1.122731613474e+01,        +1.381501794298e+00,        +1.911103403130e+00,        -4.874103839894e+00,        +7.071067811865e+00,        +1.911103403130e+00,        -4.874103839893e+00,        +1.122694455896e+01,        +1.382518293143e+00
 1.11650000e+02,        +7.071067811865e+00,        +1.127325098631e+01,        +1.338550938299e+00,        +1.838787074136e+00,        -4.872907504108e+00,        +7.071067811865e+00,        +1.838787074135e+00,        -4.872907504107e+00,        +1.127288735348e+01,        +1.339585956550e+00
 1.12600000e+02,        +7.071067811865e+00,        +1.131856013959e+01,        +1.294264969999e+00,        +1.766401909909e+00,        -4.870737074822e+00,        +7.071067811865e+00,        +1.766401909908e+00,        -4.870737074821e+00,        +1.131820494495e+01,        +1.295318426280e+00
 1.13550000e+02,        +7.071067811865e+00,        +1.136320651128e+01,        +1.248642421441e+00,        +1.693962206882e+00,        -4.867595573990e+00,        +7.071067811865e+00,        +1.693962206882e+00,        -4.867595573989e+00,        +1.136286025549e+01,        +1.249714219203e+00
 1.14500000e+02,        +7.071067811865e+00,        +1.140715235071e+01,        +1.201682571777e+00,        +1.621481985314e+00,        -4.863486643099e+00,        +7.071067811865e+00,        +1.621481985314e+00,        -4.863486643098e+00,        +1.140681553944e+01,        +1.202772598794e+00
 1.15450000e+02,        +7.071067811865e+00,        +1.145035923867e+01,        +1.153385472565e+00,        +1.548974945926e+00,        -4.858414547198e+00,        +7.071067811865e+00,        +1.548974945925e+00,        -4.858414547197e+00,        +1.145003238227e+01,        +1.154493600429e+00
 1.16400000e+02,        +7.071067811865e+00,        +1.149278808601e+01,        +1.103751973444e+00,        +1.476454424523e+00,        -4.852384177159e+00,        +7.071067811865e+00,        +1.476454424523e+00,        -4.852384177157e+00,        +1.149247169911e+01,        +1.104878057064e+00
 1.17350000e+02,        +7.071067811865e+00,        +1.153439913203e+01,        +1.052783748243e+00,        +1.403933344560e+00,        -4.845401050011e+00,        +7.071067811865e+00,        +1.403933344560e+00,        -4.845401050010e+00,        +1.153409373310e+01,        +1.053927625331e+00
 1.18300000e+02,        +7.071067811865e+00,        +1.157515194233e+01,        +1.000483321560e+00,        +1.331424167623e+00,        -4.837471307194e+00,        +7.071067811865e+00,        +1.331424167623e+00,        -4.837471307193e+00,        +1.157485805323e+01,        +1.001644812133e+00
 1.19250000e+02,        +7.071067811865e+00,        +1.161500540627e+01,        +9.468540959147e-01,        +1.258938841794e+00,        -4.828601710543e+00,        +7.071067811865e+00,        +1.258938841794e+00,        -4.828601710541e+00,        +1.161472355182e+01,        +9.480330017797e-01
 1.20200000e+02,        +7.071067811865e+00,        +1.165391773386e+01,        +8.919003795209e-01,        +1.186488747868e+00,        -4.818799635822e+00,        +7.071067811865e+00,        +1.186488747868e+00,        -4.818799635821e+00,        +1.165364844128e+01,        +8.930964837757e-01
 1.21150000e+02,        +7.071067811865e+00,        +1.169184645191e+01,        +8.356274148028e-01,        +1.114084643398e+00,        -4.808073063622e+00,        +7.071067811865e+00,        +1.114084643397e+00,        -4.808073063620e+00,        +1.169159025036e+01,        +8.368404813275e-01
 1.22100000e+02,        +7.071067811865e+00,        +1.172874839952e+01,        +7.780414077568e-01,        +1.041736604549e+00,        -4.796430567380e+00,        +7.071067811865e+00,        +1.041736604549e+00,        -4.796430567378e+00,        +1.172850581950e+01,        +7.792711807066e-01
 1.23050000e+02,        +7.071067811865e+00,        +1.176457972258e+01,        +7.191495582768e-01,        +9.694539657294e-01,        -4.783881298333e+00,        +7.071067811865e+00,        +9.694539657292e-01,        -4.783881298331e+00,        +1.176435129541e+01,        +7.203957615818e-01
 1.24000000e+02,        +7.071067811865e+00,        +1.179929586743e+01,        +6.589600916107e-01,        +8.972452569842e-01,        -4.770434967130e+00,        +7.071067811865e+00,        +8.972452569840e-01,        -4.770434967129e+00,        +1.179908212459e+01,        +6.602224284739e-01
 1.24950000e+02,        +7.071067811865e+00,        +1.183285157327e+01,        +5.974822911022e-01,        +8.251181391477e-01,        -4.756101821871e+00,        +7.071067811865e+00,        +8.251181391476e-01,        -4.756101821869e+00,        +1.183265304583e+01,        +5.987604434988e-01
 1.25900000e+02,        +7.071067811865e+00,        +1.186520086354e+01,        +5.347265324150e-01,        +7.530793367324e-01,        -4.740892622271e+00,        +7.071067811865e+00,        +7.530793367323e-01,        -4.740892622270e+00,        +1.186501808144e+01,        +5.360201605934e-01
 1.26850000e+02,        +7.071067811865e+00,        +1.189629703587e+01,        +4.707043194496e-01,        +6.811345685562e-01,        -4.724818609682e+00,        +7.071067811865e+00,        +6.811345685561e-01,        -4.724818609680e+00,        +1.189613052728e+01,        +4.720130614380e-01
 1.27800000e+02,        +7.071067811865e+00,        +1.192609265065e+01,        +4.054283222059e-01,        +6.092884761107e-01,        -4.707891472621e+00,        +7.071067811865e+00,        +6.092884761106e-01,        -4.707891472619e+00,        +1.192594294122e+01,        +4.067517933173e-01
 1.28750000e+02,        +7.071067811865e+00,        +1.195453951809e+01,        +3.389124168583e-01,        +5.375445496812e-01,        -4.690123307486e+00,        +7.071067811865e+00,        +5.375445496811e-01,        -4.690123307484e+00,        +1.195440713020e+01,        +3.402502092002e-01
 1.29700000e+02,        +7.071067811865e+00,        +1.198158868358e+01,        +2.711717283532e-01,        +4.659050522363e-01,        -4.671526574072e+00,        +7.071067811865e+00,        +4.659050522363e-01,        -4.671526574071e+00,        +1.198147413557e+01,        +2.725234103421e-01
 1.30650000e+02,        +7.071067811865e+00,        +1.200719041138e+01,        +2.022226758733e-01,        +3.943709411154e-01,        -4.652114045500e+00,        +7.071067811865e+00,        +3.943709411154e-01,        -4.652114045498e+00,        +1.200709421672e+01,        +2.035877917474e-01
 1.31600000e+02,        +7.071067811865e+00,        +1.203129416642e+01,        +1.320830215473e-01,        +3.229417875585e-01,        -4.631898752112e+00,        +7.071067811865e+00,        +3.229417875586e-01,        -4.631898752110e+00,        +1.203121683284e+01,        +1.334610908868e-01
 1.32550000e+02,        +7.071067811865e+00,        +1.205384859420e+01,        +6.077192283977e-02,        +2.516156941386e-01,        -4.610893918873e+00,        +7.071067811865e+00,        +2.516156941387e-01,        -4.610893918871e+00,        +1.205379062282e+01,        +6.216244008878e-02
 1.33500000e+02,        +7.071067811865e+00,        +1.207480149876e+01,        -1.169001091805e-02,        +1.803892101623e-01,        -4.589112895774e+00,        +7.071067811865e+00,        +1.803892101624e-01,        -4.589112895772e+00,        +1.207476338313e+01,        -1.028757692531e-02
 1.34450000e+02,        +7.071067811865e+00,        +1.209409981847e+01,        -8.528065732149e-02,        +1.092572451454e-01,        -4.566569080675e+00,        +7.071067811865e+00,        +1.092572451455e-01,        -4.566569080674e+00,        +1.209408204360e+01,        -8.386686383125e-02
 1.35400000e+02,        +7.071067811865e+00,        +1.211168959993e+01,        -1.599763144331e-01,        +3.821298048227e-02,        -4.543275834002e+00,        +7.071067811865e+00,        +3.821298048243e-02,        -4.543275834000e+00,        +1.211169264127e+01,        -1.585517452380e-01
 1.36350000e+02,        +7.071067811865e+00,        +1.212751596969e+01,        -2.357516284368e-01,        -3.275222054468e-02,        -4.519246384635e+00,        +7.071067811865e+00,        -3.275222054457e-02,        -4.519246384634e+00,        +1.212754029205e+01,        -2.343168943356e-01
 1.37300000e+02,        +7.071067811865e+00,        +1.214152310391e+01,        -3.125795146929e-01,        -1.036489042230e-01,        -4.494493726306e+00,        +7.071067811865e+00,        -1.036489042229e-01,        -4.494493726304e+00,        +1.214156916036e+01,        -3.111352539470e-01
 1.38250000e+02,        +7.071067811865e+00,        +1.215365419620e+01,        -3.904310714225e-01,        -1.744896191076e-01,        -4.469030503705e+00,        +7.071067811865e+00,        -1.744896191073e-01,        -4.469030503703e+00,        +1.215372242685e+01,        -3.889779502057e-01
 1.39200000e+02,        +7.071067811865e+00,        +1.216385142343e+01,        -4.692754851678e-01,        -2.452890096772e-01,        -4.442868887498e+00,        +7.071067811865e+00,        -2.452890096770e-01,        -4.442868887496e+00,        +1.216394225427e+01,        -4.678141980085e-01
 1.40150000e+02,        +7.071067811865e+00,        +1.217205591007e+01,        -5.490799270986e-01,        -3.160639106189e-01,        -4.416020437330e+00,        +7.071067811865e+00,        -3.160639106187e-01,        -4.416020437328e+00,        +1.217216975161e+01,        -5.476111973161e-01
 1.41100000e+02,        +7.071067811865e+00,        +1.217820769095e+01,        -6.298094391426e-01,        -3.868334413256e-01,        -4.388495951829e+00,        +7.071067811865e+00,        -3.868334413252e-01,        -4.388495951827e+00,        +1.217834493690e+01,        -6.283340192711e-01
 1.42050000e+02,        +7.071067811865e+00,        +1.218224567304e+01,        -7.114268088229e-01,        -4.576191001225e-01,        -4.360305304560e+00,        +7.071067811865e+00,        -4.576191001222e-01,        -4.360305304559e+00,        +1.218240669888e+01,        -7.099454810287e-01
 1.43000000e+02,        +7.071067811865e+00,        +1.218410759661e+01,        -7.938924315959e-01,        -5.284448576420e-01,        -4.331457264762e+00,        +7.071067811865e+00,        -5.284448576416e-01,        -4.331457264761e+00,        +1.218429275805e+01,        -7.924060080787e-01
 1.43950000e+02,        +7.071067811865e+00,        +1.218372999618e+01,        -8.771641593628e-01,        -5.993372486401e-01,        -4.301959301609e+00,        +7.071067811865e+00,        -5.993372486396e-01,        -4.301959301607e+00,        +1.218393962764e+01,        -8.756734827443e-01
 1.44900000e+02,        +7.071067811865e+00,        +1.218104816216e+01,        -9.611971337323e-01,        -6.703254614389e-01,        -4.271817370655e+00,        +7.071067811865e+00,        -6.703254614385e-01,        -4.271817370653e+00,        +1.218128257504e+01,        -9.597030774258e-01
 1.45850000e+02,        +7.071067811865e+00,        +1.217599610384e+01,        -1.045943602485e+00,        -7.414414240062e-01,        -4.241035681002e+00,        +7.071067811865e+00,        -7.414414240057e-01,        -4.241035681000e+00,        +1.217625558479e+01,        -1.044447071046e+00
 1.46800000e+02,        +7.071067811865e+00,        +1.216850651487e+01,        -1.131352717578e+00,        -8.127198855063e-01,        -4.209616441603e+00,        +7.071067811865e+00,        -8.127198855058e-01,        -4.209616441601e+00,        +1.216879132391e+01,        -1.129854647024e+00
 1.47750000e+02,        +7.071067811865e+00,        +1.215851074240e+01,        -1.217370312896e+00,        -8.841984919651e-01,        -4.177559585039e+00,        +7.071067811865e+00,        -8.841984919645e-01,        -4.177559585036e+00,        +1.215882111095e+01,        -1.215871671006e+00
 1.48700000e+02,        +7.071067811865e+00,        +1.214593876138e+01,        -1.303938659851e+00,        -9.559178544185e-01,        -4.144862466951e+00,        +7.071067811865e+00,        -9.559178544179e-01,        -4.144862466949e+00,        +1.214627489016e+01,        -1.302440446418e+00
 1.49650000e+02,        +7.071067811865e+00,        +1.213071915581e+01,        -1.390996198783e+00,        -1.027921607657e+00,        -4.111519539231e+00,        +7.071067811865e+00,        -1.027921607656e+00,        -4.111519539228e+00,        +1.213108121263e+01,        -1.389499445832e+00
 1.50600000e+02,        +7.071067811865e+00,        +1.211277910909e+01,        -1.478477244026e+00,        -1.100256457341e+00,        -4.077521994929e+00,        +7.071067811865e+00,        -1.100256457340e+00,        -4.077521994928e+00,        +1.211316722648e+01,        -1.476983015977e+00
 1.51550000e+02,        +7.071067811865e+00,        +1.209204440582e+01,        -1.566311660371e+00,        -1.172972212885e+00,        -4.042857382778e+00,        +7.071067811865e+00,        -1.172972212884e+00,        -4.042857382776e+00,        +1.209245867854e+01,        -1.564821054142e+00
 1.52500000e+02,        +7.071067811865e+00,        +1.206843944820e+01,        -1.654424508582e+00,        -1.246121803068e+00,        -4.007509189096e+00,        +7.071067811865e+00,        -1.246121803067e+00,        -4.007509189094e+00,        +1.206887993055e+01,        -1.652938653622e+00
 1.53450000e+02,        +7.071067811865e+00,        +1.204188729026e+01,        -1.742735657539e+00,        -1.319761270841e+00,        -3.971456384813e+00,        +7.071067811865e+00,        -1.319761270840e+00,        -3.971456384811e+00,        +1.204235399330e+01,        -1.741255715772e+00
 1.54400000e+02,        +7.071067811865e+00,        +1.201230969419e+01,        -1.831159360532e+00,        -1.393949743218e+00,        -3.934672935289e+00,        +7.071067811865e+00,        -1.393949743217e+00,        -3.934672935287e+00,        +1.201280258268e+01,        -1.829686526210e+00
 1.55350000e+02,        +7.071067811865e+00,        +1.197962721315e+01,        -1.919603793259e+00,        -1.468749371489e+00,        -3.897127270628e+00,        +7.071067811865e+00,        -1.468749371488e+00,        -3.897127270626e+00,        +1.198014620236e+01,        -1.918139292683e+00
 1.56300000e+02,        +7.071067811865e+00,        +1.194375930634e+01,        -2.007970551079e+00,        -1.544225236237e+00,        -3.858781714208e+00,        +7.071067811865e+00,        -1.544225236236e+00,        -3.858781714206e+00,        +1.194430425863e+01,        -2.006515642194e+00
 1.57250000e+02,        +7.071067811865e+00,        +1.190462449238e+01,        -2.096154103257e+00,        -1.620445210830e+00,        -3.819591867325e+00,        +7.071067811865e+00,        -1.620445210829e+00,        -3.819591867323e+00,        +1.190519521360e+01,        -2.094710075082e+00
 1.58200000e+02,        +7.071067811865e+00,        +1.186214054838e+01,        -2.184041202106e+00,        -1.697479776069e+00,        -3.779505948014e+00,        +7.071067811865e+00,        -1.697479776068e+00,        -3.779505948012e+00,        +1.186273678395e+01,        -2.182609373973e+00
 1.59150000e+02,        +7.071067811865e+00,        +1.181622476297e+01,        -2.271510245285e+00,        -1.775401777639e+00,        -3.738464082490e+00,        +7.071067811865e+00,        -1.775401777638e+00,        -3.738464082488e+00,        +1.181684619382e+01,        -2.270091965855e+00
 1.60100000e+02,        +7.071067811865e+00,        +1.176679425287e+01,        -2.358430589981e+00,        -1.854286116823e+00,        -3.696397548100e+00,        +7.071067811865e+00,        -1.854286116822e+00,        -3.696397548098e+00,        +1.176744049104e+01,        -2.357027236013e+00
 1.61050000e+02,        +7.071067811865e+00,        +1.171376635376e+01,        -2.444661818375e+00,        -1.934209363610e+00,        -3.653227967353e+00,        +7.071067811865e+00,        -1.934209363608e+00,        -3.653227967351e+00,        +1.171443693782e+01,        -2.443274793189e+00
 1.62000000e+02,        +7.071067811865e+00,        +1.165705909785e+01,        -2.530052954665e+00,        -2.015249279918e+00,        -3.608866453479e+00,        +7.071067811865e+00,        -2.015249279916e+00,        -3.608866453477e+00,        +1.165775348798e+01,        -2.528683686271e+00
 1.62950000e+02,        +7.071067811865e+00,        +1.159659179191e+01,        -2.614441635103e+00,        -2.097484239098e+00,        -3.563212709137e+00,        +7.071067811865e+00,        -2.097484239097e+00,        -3.563212709135e+00,        +1.159730936471e+01,        -2.613091573933e+00
 1.63900000e+02,        +7.071067811865e+00,        +1.153228571125e+01,        -2.697653233975e+00,        -2.180992526215e+00,        -3.516154081369e+00,        +7.071067811865e+00,        -2.180992526213e+00,        -3.516154081367e+00,        +1.153302575433e+01,        -2.696323850158e+00
 1.64850000e+02,        +7.071067811865e+00,        +1.146406492705e+01,        -2.779499950374e+00,        -2.265851501873e+00,        -3.467564577831e+00,        +7.071067811865e+00,        -2.265851501871e+00,        -3.467564577829e+00,        +1.146482663328e+01,        -2.778192730503e+00
 1.65800000e+02,        +7.071067811865e+00,        +1.139185728592e+01,        -2.859779863005e+00,        -2.352136610571e+00,        -3.417303851676e+00,        +7.071067811865e+00,        -2.352136610569e+00,        -3.417303851674e+00,        +1.139263974747e+01,        -2.858496306306e+00
 1.66750000e+02,        +7.071067811865e+00,        +1.131559556269e+01,        -2.938275963174e+00,        -2.439920212786e+00,        -3.365216165428e+00,        +7.071067811865e+00,        -2.439920212784e+00,        -3.365216165426e+00,        +1.131639776480e+01,        -2.937017577011e+00
 1.67700000e+02,        +7.071067811865e+00,        +1.123521880886e+01,        -3.014755179765e+00,        -2.529270218305e+00,        -3.311129347786e+00,        +7.071067811865e+00,        -2.529270218303e+00,        -3.311129347784e+00,        +1.123603962340e+01,        -3.013523474387e+00
 1.68650000e+02,        +7.071067811865e+00,        +1.115067392082e+01,        -3.088967414345e+00,        -2.620248496808e+00,        -3.254853761656e+00,        +7.071067811865e+00,        -2.620248496806e+00,        -3.254853761654e+00,        +1.115151209966e+01,        -3.087763896772e+00
 1.69600000e+02,        +7.071067811865e+00,        +1.106191745300e+01,        -3.160644609758e+00,        -2.712909040571e+00,        -3.196181306924e+00,        +7.071067811865e+00,        -2.712909040569e+00,        -3.196181306922e+00,        +1.106277162131e+01,        -3.159470776720e+00
 1.70550000e+02,        +7.071067811865e+00,        +1.096891770195e+01,        -3.229499881784e+00,        -2.807295853474e+00,        -3.134884487676e+00,        +7.071067811865e+00,        -2.807295853471e+00,        -3.134884487674e+00,        +1.096978635140e+01,        -3.228357211589e+00
 1.71500000e+02,        +7.071067811865e+00,        +1.087165708696e+01,        -3.295226750622e+00,        -2.903440540619e+00,        -3.070715580759e+00,        +7.071067811865e+00,        -2.903440540616e+00,        -3.070715580757e+00,        +1.087253856900e+01,        -3.294116693842e+00
 1.72450000e+02,        +7.071067811865e+00,        +1.077013485200e+01,        -3.357498517303e+00,        -3.001359574023e+00,        -3.003405950933e+00,        +7.071067811865e+00,        -3.001359574021e+00,        -3.003405950931e+00,        +1.077102737128e+01,        -3.356422486159e+00
 1.73400000e+02,        +7.071067811865e+00,        +1.066437011099e+01,        -3.415967839574e+00,        -3.101051212376e+00,        -2.932665567247e+00,        +7.071067811865e+00,        -3.101051212374e+00,        -2.932665567245e+00,        +1.066527171910e+01,        -3.414927195903e+00
 1.74350000e+02,        +7.071067811865e+00,        +1.055440525415e+01,        -3.470266572289e+00,        -3.202492057268e+00,        -2.858182785835e+00,        +7.071067811865e+00,        -3.202492057265e+00,        -2.858182785833e+00,        +1.055531384384e+01,        -3.469262613967e+00
 1.75300000e+02,        +7.071067811865e+00,        +1.044030972636e+01,        -3.520005948805e+00,        -3.305633235022e+00,        -2.779624475692e+00,        +7.071067811865e+00,        -3.305633235019e+00,        -2.779624475691e+00,        +1.044122302645e+01,        -3.519039894529e+00
 1.76250000e+02,        +7.071067811865e+00,        +1.032218417886e+01,        -3.564777191961e+00,        -3.410396202907e+00,        -2.696636576162e+00,        +7.071067811865e+00,        -3.410396202904e+00,        -2.696636576160e+00,        +1.032309975014e+01,        -3.563850164279e+00
 1.77200000e+02,        +7.071067811865e+00,        +1.020016498246e+01,        -3.604152655563e+00,        -3.516668191687e+00,        -2.608845187126e+00,        +7.071067811865e+00,        -3.516668191684e+00,        -2.608845187124e+00,        +1.020108021479e+01,        -3.603265662094e+00
 1.78150000e+02,        +7.071067811865e+00,        +1.007442907309e+01,        -3.637687609212e+00,        -3.624297313840e+00,        -2.515858304849e+00,        +7.071067811865e+00,        -3.624297313837e+00,        -2.515858304848e+00,        +1.007534118413e+01,        -3.636841522002e+00
 1.79100000e+02,        +7.071067811865e+00,        +9.945199078171e+00,        -3.664922789863e+00,        -3.733087388952e+00,        -2.417268326963e+00,        +7.071067811865e+00,        -3.733087388949e+00,        -2.417268326961e+00,        +9.946105114034e+00,        -3.664118322888e+00
 1.80050000e+02,        +7.071067811865e+00,        +9.812748645014e+00,        -3.685387851558e+00,        -3.842792565284e+00,        -2.312655458099e+00,        +7.071067811865e+00,        -3.842792565281e+00,        -2.312655458097e+00,        +9.813645483417e+00,        -3.684625536416e+00
 1.81000000e+02,        +7.071067811865e+00,        +9.677407859177e+00,        -3.698605848578e+00,        -3.953111849732e+00,        -2.201592151558e+00,        +7.071067811865e+00,        -3.953111849729e+00,        -2.201592151556e+00,        +9.678292215416e+00,        -3.697886008522e+00
 1.81950000e+02,        +7.071067811865e+00,        +9.539568601773e+00,        -3.704098885116e+00,        -4.063683697229e+00,        -2.083648720158e+00,        +7.071067811865e+00,        -4.063683697226e+00,        -2.083648720157e+00,        +9.540437038134e+00,        -3.703421607634e+00
 1.82900000e+02,        +7.071067811865e+00,        +9.399689650781e+00,        -3.701395053935e+00,        -4.174080854720e+00,        -1.958400238845e+00,        +7.071067811865e+00,        -4.174080854716e+00,        -1.958400238843e+00,        +9.400538589895e+00,        -3.700760162207e+00
 1.83850000e+02,        +7.071067811865e+00,        +9.258301283296e+00,        -3.690036764949e+00,        -4.283805702923e+00,        -1.825434840087e+00,        +7.071067811865e+00,        -4.283805702920e+00,        -1.825434840086e+00,        +9.259127025957e+00,        -3.689443788643e+00
 1.84800000e+02,        +7.071067811865e+00,        +9.116009085512e+00,        -3.669590529507e+00,        -4.392286389203e+00,        -1.684363467933e+00,        +7.071067811865e+00,        -4.392286389200e+00,        -1.684363467932e+00,        +9.116807833528e+00,        -3.669038675500e+00
 1.85750000e+02,        +7.071067811865e+00,        +8.973496628492e+00,        -3.639658214785e+00,        -4.498874093702e+00,        -1.534831105214e+00,        +7.071067811865e+00,        -4.498874093698e+00,        -1.534831105213e+00,        +8.974264512992e+00,        -3.639146338573e+00
 1.86700000e+02,        +7.071067811865e+00,        +8.831526624330e+00,        -3.599889713046e+00,        -4.602841814294e+00,        -1.376529418746e+00,        +7.071067811865e+00,        -4.602841814290e+00,        -1.376529418746e+00,        +8.832259739954e+00,        -3.599416291750e+00
 1.87650000e+02,        +7.071067811865e+00,        +8.690940145385e+00,        -3.549996881510e+00,        -4.703385087896e+00,        -1.209210678351e+00,        +7.071067811865e+00,        -4.703385087892e+00,        -1.209210678351e+00,        +8.691634590573e+00,        -3.549559989570e+00
 1.88600000e+02,        +7.071067811865e+00,        +8.552653475313e+00,        -3.489768500594e+00,        -4.799625079635e+00,        -1.032702697514e+00,        +7.071067811865e+00,        -4.799625079631e+00,        -1.032702697514e+00,        +8.553305398797e+00,        -3.489365789380e+00
 1.89550000e+02,        +7.071067811865e+00,        +8.417652172740e+00,        -3.419085874121e+00,        -4.890614459289e+00,        -8.469244193211e-01,        +7.071067811865e+00,        -4.890614459284e+00,        -8.469244193206e-01,        +8.418257826032e+00,        -3.418714556821e+00
 1.90500000e+02,        +7.071067811865e+00,        +8.286981974237e+00,        -3.337938560088e+00,        -4.975346438610e+00,        -6.519016362884e-01,        +7.071067811865e+00,        -4.975346438606e+00,        -6.519016362882e-01,        +8.287537769681e+00,        -3.337595403326e+00
 1.91450000e+02,        +7.071067811865e+00,        +8.161736250226e+00,        -3.246439583783e+00,        -5.052767256207e+00,        -4.477821958439e-01,        +7.071067811865e+00,        -5.052767256202e+00,        -4.477821958437e-01,        +8.162238823798e+00,        -3.246120907435e+00
 1.92400000e+02,        +7.071067811865e+00,        +8.043039860400e+00,        -3.144839358526e+00,        -5.121792263706e+00,        -2.348499166555e-01,        +7.071067811865e+00,        -5.121792263702e+00,        -2.348499166555e-01,        +8.043486138083e+00,        -3.144541045135e+00
 1.93350000e+02,        +7.071067811865e+00,        +7.932029435725e+00,        -3.033537438576e+00,        -5.181325586452e+00,        -1.353634025272e-02,        +7.071067811865e+00,        -5.181325586448e+00,        -1.353634025294e-02,        +7.932416701896e+00,        -3.033254953644e+00
 1.94300000e+02,        +7.071067811865e+00,        +7.829830338270e+00,        -2.913091171273e+00,        -5.230283107778e+00,        +2.155706152104e-01,        +7.071067811865e+00,        -5.230283107774e+00,        +2.155706152099e-01,        +7.830156304166e+00,        -2.912819595397e+00
 1.95250000e+02,        +7.071067811865e+00,        +7.737530807648e+00,        -2.784220318781e+00,        -5.267618268381e+00,        +4.517220289096e-01,        +7.071067811865e+00,        -5.267618268376e+00,        +4.517220289089e-01,        +7.737793677607e+00,        -2.783954392268e+00
 1.96200000e+02,        +7.071067811865e+00,        +7.656154076121e+00,        -2.647806799369e+00,        -5.292349898939e+00,        +6.940082294050e-01,        +7.071067811865e+00,        -5.292349898935e+00,        +6.940082294042e-01,        +7.656352609097e+00,        -2.647540979428e+00
 1.97150000e+02,        +7.071067811865e+00,        +7.586629499284e+00,        -2.504888863906e+00,        -5.303591039257e+00,        +9.413646094735e-01,        +7.071067811865e+00,        -5.303591039253e+00,        +9.413646094724e-01,        +7.586763062934e+00,        -2.504617393974e+00
 1.98100000e+02,        +7.071067811865e+00,        +7.529763976017e+00,        -2.356649276718e+00,        -5.300577470315e+00,        +1.192583434975e+00,        +7.071067811865e+00,        -5.300577470311e+00,        +1.192583434974e+00,        +7.529832590727e+00,        -2.356366266796e+00
 1.99050000e+02,        +7.071067811865e+00,        +7.486215089078e+00,        -2.204397401734e+00,        -5.282694527858e+00,        +1.446331747213e+00,        +7.071067811865e+00,        -5.282694527853e+00,        +1.446331747211e+00,        +7.486219459441e+00,        -2.204096917988e+00
 2.00000000e+02,        +7.071067811865e+00,        +7.456467457360e+00,        -2.049545483707e+00,        -5.249500706382e+00,        +1.701175069418e+00,        +7.071067811865e+00,        -5.249500706378e+00,        +1.701175069417e+00,        +7.456408989025e+00,        -2.049221644923e+00
